sub_id,volatility,choice,outcome
1,high,blue,1
1,high,blue,1
1,high,blue,0
1,high,blue,0
1,high,blue,0
1,high,orange,1
1,high,orange,0
1,high,blue,1
1,high,blue,1
1,high,blue,1
1,high,blue,0
1,high,blue,1
1,high,blue,1
1,high,blue,0
1,high,blue,1
1,high,blue,1
1,high,blue,0
1,high,blue,0
1,high,blue,0
1,high,blue,1
1,high,blue,1
1,high,blue,0
1,high,blue,1
1,high,blue,0
1,high,blue,1
1,high,blue,0
1,high,orange,1
1,high,orange,1
1,high,orange,1
1,high,orange,0
1,high,orange,1
1,high,orange,0
1,high,orange,0
1,high,orange,0
1,high,orange,0
1,high,blue,0
1,high,blue,0
1,high,blue,0
1,high,blue,1
1,high,blue,1
1,high,blue,1
1,high,blue,0
1,high,blue,1
1,high,blue,0
1,high,blue,1
1,high,blue,1
1,high,blue,0
1,high,blue,1
1,high,blue,1
1,high,blue,1
1,high,blue,1
1,high,blue,0
1,high,blue,0
1,high,blue,1
1,high,blue,0
1,high,blue,0
1,high,blue,0
1,high,blue,0
1,high,orange,1
1,high,orange,0
1,high,orange,1
1,high,orange,0
1,high,orange,1
1,high,orange,0
1,high,orange,0
1,high,orange,1
1,high,orange,0
1,high,orange,1
1,high,orange,1
1,high,orange,1
1,high,orange,1
1,high,orange,0
1,high,orange,1
1,high,orange,0
1,high,orange,0
1,high,orange,0
1,high,blue,0
1,high,blue,1
1,high,blue,0
1,high,blue,1
1,high,blue,0
1,high,blue,1
1,high,blue,1
1,high,blue,1
1,high,blue,0
1,high,blue,1
1,high,blue,1
1,high,blue,0
1,high,blue,1
1,high,blue,1
1,high,blue,0
1,high,blue,0
1,high,blue,0
1,high,orange,0
1,high,orange,1
1,high,orange,1
1,high,orange,1
1,high,orange,0
1,high,orange,1
1,high,orange,1
1,high,orange,1
1,high,orange,0
1,high,orange,0
1,high,orange,0
1,high,orange,0
1,high,blue,1
1,high,blue,1
1,high,blue,1
1,high,blue,1
1,high,blue,1
1,high,blue,1
1,high,blue,1
1,high,blue,1
1,high,blue,0
1,high,blue,0
1,high,blue,0
1,high,blue,1
1,high,blue,1
1,high,blue,1
1,high,blue,0
1,high,blue,0
1,high,blue,0
1,high,blue,1
1,high,blue,0
1,high,blue,1
1,high,blue,0
1,high,blue,0
1,high,orange,0
1,high,orange,0
1,high,orange,1
1,high,orange,0
1,high,orange,1
1,high,orange,1
1,high,orange,1
1,high,orange,1
2,low,orange,1
2,low,orange,1
2,low,orange,0
2,low,orange,1
2,low,blue,1
2,low,blue,1
2,low,orange,0
2,low,orange,0
2,low,orange,1
2,low,orange,1
2,low,orange,0
2,low,blue,0
2,low,blue,0
2,low,blue,1
2,low,blue,0
2,low,blue,1
2,low,blue,1
2,low,blue,0
2,low,blue,0
2,low,orange,1
2,low,orange,1
2,low,orange,0
2,low,orange,1
2,low,orange,1
2,low,orange,1
2,low,orange,1
2,low,blue,0
2,low,blue,0
2,low,blue,0
2,low,blue,1
2,low,orange,1
2,low,orange,0
2,low,orange,0
2,low,orange,0
2,low,orange,0
2,low,orange,1
2,low,orange,0
2,low,orange,0
2,low,orange,1
2,low,blue,1
2,low,blue,1
2,low,blue,1
2,low,blue,0
2,low,blue,0
2,low,blue,1
2,low,blue,1
2,low,orange,0
2,low,orange,0
2,low,orange,1
2,low,orange,1
2,low,orange,0
2,low,orange,1
2,low,orange,1
2,low,orange,0
2,low,blue,1
2,low,orange,1
2,low,orange,1
2,low,orange,1
2,low,orange,1
2,low,orange,0
2,low,blue,0
2,low,blue,1
2,low,blue,0
2,low,blue,0
2,low,blue,0
2,low,blue,0
2,low,orange,1
2,low,orange,0
2,low,blue,1
2,low,blue,1
2,low,blue,0
2,low,blue,1
2,low,orange,1
2,low,orange,0
2,low,orange,1
2,low,orange,0
2,low,orange,0
2,low,orange,0
2,low,orange,0
2,low,orange,0
2,low,blue,1
2,low,blue,0
2,low,blue,1
2,low,blue,1
2,low,blue,0
2,low,blue,1
2,low,blue,0
2,low,blue,0
2,low,blue,0
2,low,blue,0
2,low,blue,1
2,low,orange,0
2,low,orange,1
2,low,orange,1
2,low,orange,1
2,low,orange,0
2,low,orange,1
2,low,orange,1
2,low,orange,0
2,low,orange,1
2,low,orange,0
2,low,orange,1
2,low,orange,0
2,low,orange,0
2,low,blue,1
2,low,orange,0
2,low,orange,0
2,low,blue,1
2,low,blue,1
2,low,blue,0
2,low,orange,0
2,low,orange,0
2,low,orange,0
2,low,orange,1
2,low,blue,1
2,low,blue,0
2,low,orange,0
2,low,orange,1
2,low,orange,0
2,low,orange,0
2,low,orange,0
2,low,orange,1
2,low,orange,0
2,low,orange,1
2,low,orange,1
2,low,orange,1
2,low,orange,0
2,low,blue,0
2,low,blue,1
2,low,blue,0
2,low,blue,0
2,low,blue,0
2,low,orange,0
2,low,orange,0
2,low,orange,0
3,high,blue,1
3,high,blue,1
3,high,blue,0
3,high,blue,0
3,high,blue,0
3,high,orange,1
3,high,orange,0
3,high,orange,0
3,high,orange,0
3,high,orange,0
3,high,blue,0
3,high,orange,0
3,high,blue,1
3,high,blue,0
3,high,orange,0
3,high,orange,0
3,high,blue,0
3,high,orange,1
3,high,orange,1
3,high,orange,0
3,high,orange,0
3,high,blue,0
3,high,orange,0
3,high,orange,1
3,high,orange,0
3,high,orange,1
3,high,orange,1
3,high,orange,1
3,high,orange,1
3,high,orange,0
3,high,orange,1
3,high,orange,0
3,high,orange,0
3,high,blue,1
3,high,blue,1
3,high,blue,0
3,high,orange,1
3,high,orange,1
3,high,orange,0
3,high,blue,1
3,high,blue,1
3,high,blue,0
3,high,orange,0
3,high,orange,1
3,high,orange,0
3,high,blue,1
3,high,blue,0
3,high,blue,1
3,high,blue,1
3,high,blue,1
3,high,blue,1
3,high,blue,0
3,high,blue,0
3,high,orange,0
3,high,blue,0
3,high,orange,1
3,high,orange,1
3,high,orange,1
3,high,orange,1
3,high,orange,0
3,high,blue,0
3,high,orange,0
3,high,blue,0
3,high,orange,0
3,high,orange,0
3,high,blue,0
3,high,blue,1
3,high,blue,0
3,high,blue,0
3,high,orange,1
3,high,orange,1
3,high,orange,0
3,high,orange,1
3,high,orange,0
3,high,orange,0
3,high,blue,1
3,high,blue,0
3,high,blue,1
3,high,blue,0
3,high,blue,1
3,high,blue,0
3,high,blue,1
3,high,blue,1
3,high,blue,1
3,high,blue,0
3,high,blue,1
3,high,blue,1
3,high,blue,0
3,high,blue,1
3,high,blue,1
3,high,blue,0
3,high,blue,0
3,high,orange,1
3,high,orange,0
3,high,orange,1
3,high,orange,1
3,high,orange,1
3,high,orange,0
3,high,orange,1
3,high,orange,1
3,high,orange,1
3,high,orange,0
3,high,orange,0
3,high,blue,1
3,high,blue,1
3,high,blue,1
3,high,blue,1
3,high,blue,1
3,high,blue,1
3,high,blue,1
3,high,blue,1
3,high,blue,1
3,high,blue,1
3,high,blue,0
3,high,blue,0
3,high,orange,1
3,high,orange,0
3,high,blue,1
3,high,blue,1
3,high,blue,0
3,high,blue,0
3,high,blue,0
3,high,orange,0
3,high,orange,1
3,high,orange,0
3,high,orange,1
3,high,orange,1
3,high,orange,0
3,high,orange,0
3,high,blue,0
3,high,blue,1
3,high,blue,0
3,high,blue,0
3,high,orange,1
3,high,orange,1
4,low,orange,1
4,low,orange,1
4,low,orange,0
4,low,orange,1
4,low,orange,0
4,low,orange,0
4,low,blue,1
4,low,blue,1
4,low,blue,0
4,low,blue,0
4,low,orange,0
4,low,orange,1
4,low,orange,1
4,low,blue,1
4,low,orange,1
4,low,orange,0
4,low,orange,0
4,low,blue,0
4,low,blue,0
4,low,orange,1
4,low,orange,1
4,low,orange,0
4,low,blue,0
4,low,orange,1
4,low,orange,1
4,low,orange,1
4,low,orange,1
4,low,orange,1
4,low,orange,1
4,low,orange,0
4,low,orange,1
4,low,orange,0
4,low,orange,0
4,low,blue,1
4,low,blue,1
4,low,blue,0
4,low,blue,1
4,low,blue,1
4,low,blue,0
4,low,blue,1
4,low,blue,1
4,low,blue,1
4,low,blue,0
4,low,blue,0
4,low,orange,0
4,low,blue,1
4,low,blue,1
4,low,blue,1
4,low,blue,0
4,low,blue,0
4,low,blue,1
4,low,blue,0
4,low,blue,0
4,low,orange,0
4,low,orange,0
4,low,orange,1
4,low,orange,1
4,low,orange,1
4,low,orange,1
4,low,orange,0
4,low,orange,1
4,low,orange,0
4,low,orange,1
4,low,orange,1
4,low,orange,1
4,low,orange,1
4,low,orange,1
4,low,orange,0
4,low,orange,0
4,low,orange,0
4,low,blue,0
4,low,blue,1
4,low,blue,0
4,low,blue,1
4,low,blue,0
4,low,blue,1
4,low,blue,1
4,low,blue,1
4,low,blue,1
4,low,blue,1
4,low,blue,1
4,low,blue,0
4,low,blue,1
4,low,blue,1
4,low,blue,0
4,low,orange,0
4,low,blue,0
4,low,blue,0
4,low,orange,1
4,low,orange,1
4,low,orange,0
4,low,orange,0
4,low,orange,1
4,low,orange,1
4,low,orange,1
4,low,orange,0
4,low,blue,0
4,low,orange,1
4,low,orange,0
4,low,orange,1
4,low,orange,0
4,low,orange,1
4,low,orange,0
4,low,orange,0
4,low,blue,1
4,low,blue,1
4,low,blue,1
4,low,blue,1
4,low,blue,1
4,low,blue,0
4,low,blue,1
4,low,blue,1
4,low,blue,1
4,low,blue,0
4,low,blue,1
4,low,blue,0
4,low,blue,1
4,low,blue,0
4,low,blue,1
4,low,blue,1
4,low,blue,1
4,low,blue,0
4,low,orange,0
4,low,blue,0
4,low,blue,0
4,low,orange,1
4,low,orange,0
4,low,blue,0
4,low,orange,0
4,low,orange,1
4,low,orange,1
4,low,orange,1
4,low,blue,1
4,low,blue,1
4,low,blue,1
5,high,blue,1
5,high,blue,1
5,high,blue,0
5,high,orange,1
5,high,orange,1
5,high,orange,1
5,high,orange,0
5,high,blue,1
5,high,blue,1
5,high,blue,1
5,high,blue,0
5,high,orange,0
5,high,orange,0
5,high,blue,0
5,high,blue,1
5,high,blue,1
5,high,blue,0
5,high,blue,0
5,high,orange,1
5,high,orange,0
5,high,orange,0
5,high,blue,0
5,high,blue,1
5,high,blue,0
5,high,orange,0
5,high,blue,0
5,high,orange,1
5,high,orange,1
5,high,orange,1
5,high,orange,0
5,high,orange,1
5,high,orange,0
5,high,orange,0
5,high,blue,1
5,high,orange,0
5,high,orange,1
5,high,orange,1
5,high,orange,1
5,high,orange,0
5,high,orange,0
5,high,blue,1
5,high,blue,0
5,high,orange,0
5,high,blue,0
5,high,blue,1
5,high,blue,1
5,high,blue,0
5,high,blue,1
5,high,blue,1
5,high,blue,1
5,high,blue,1
5,high,blue,0
5,high,blue,0
5,high,orange,0
5,high,blue,0
5,high,blue,0
5,high,blue,0
5,high,orange,1
5,high,orange,1
5,high,orange,0
5,high,blue,0
5,high,orange,0
5,high,orange,1
5,high,orange,0
5,high,orange,0
5,high,blue,0
5,high,blue,1
5,high,blue,0
5,high,blue,0
5,high,orange,1
5,high,orange,1
5,high,orange,0
5,high,orange,1
5,high,orange,0
5,high,orange,0
5,high,blue,1
5,high,blue,0
5,high,blue,1
5,high,blue,0
5,high,orange,0
5,high,blue,0
5,high,orange,0
5,high,orange,0
5,high,blue,1
5,high,blue,0
5,high,orange,0
5,high,blue,1
5,high,blue,0
5,high,blue,1
5,high,blue,1
5,high,blue,0
5,high,blue,0
5,high,orange,1
5,high,blue,1
5,high,blue,0
5,high,blue,0
5,high,blue,0
5,high,blue,1
5,high,blue,0
5,high,blue,0
5,high,orange,1
5,high,orange,0
5,high,orange,0
5,high,blue,1
5,high,blue,1
5,high,blue,1
5,high,blue,1
5,high,blue,1
5,high,blue,1
5,high,blue,1
5,high,blue,1
5,high,blue,1
5,high,blue,1
5,high,blue,0
5,high,blue,0
5,high,orange,1
5,high,orange,0
5,high,orange,0
5,high,orange,0
5,high,blue,0
5,high,blue,0
5,high,blue,0
5,high,orange,0
5,high,blue,0
5,high,orange,0
5,high,blue,0
5,high,blue,0
5,high,orange,0
5,high,blue,1
5,high,blue,0
5,high,blue,1
5,high,blue,0
5,high,blue,0
5,high,blue,0
5,high,orange,1
6,low,blue,0
6,low,blue,0
6,low,orange,0
6,low,orange,1
6,low,orange,0
6,low,blue,1
6,low,blue,1
6,low,blue,1
6,low,blue,0
6,low,blue,0
6,low,orange,0
6,low,orange,1
6,low,orange,1
6,low,orange,0
6,low,orange,1
6,low,orange,0
6,low,blue,1
6,low,blue,0
6,low,blue,0
6,low,orange,1
6,low,orange,1
6,low,orange,0
6,low,orange,1
6,low,orange,1
6,low,orange,1
6,low,orange,1
6,low,orange,1
6,low,orange,1
6,low,orange,1
6,low,orange,0
6,low,orange,1
6,low,orange,0
6,low,orange,0
6,low,blue,1
6,low,blue,1
6,low,blue,0
6,low,blue,1
6,low,blue,1
6,low,blue,0
6,low,blue,1
6,low,blue,1
6,low,blue,1
6,low,blue,0
6,low,blue,0
6,low,orange,0
6,low,orange,0
6,low,blue,1
6,low,blue,1
6,low,blue,0
6,low,blue,0
6,low,orange,0
6,low,orange,1
6,low,orange,1
6,low,orange,0
6,low,orange,0
6,low,blue,0
6,low,blue,0
6,low,orange,1
6,low,orange,1
6,low,orange,0
6,low,orange,1
6,low,orange,0
6,low,orange,1
6,low,orange,1
6,low,orange,1
6,low,orange,1
6,low,orange,1
6,low,orange,0
6,low,orange,0
6,low,orange,0
6,low,blue,0
6,low,blue,1
6,low,blue,0
6,low,blue,1
6,low,blue,0
6,low,blue,1
6,low,blue,1
6,low,blue,1
6,low,blue,1
6,low,blue,1
6,low,blue,1
6,low,blue,0
6,low,blue,1
6,low,blue,1
6,low,blue,0
6,low,blue,1
6,low,blue,0
6,low,blue,0
6,low,blue,0
6,low,orange,1
6,low,orange,0
6,low,orange,0
6,low,orange,1
6,low,orange,1
6,low,orange,1
6,low,orange,0
6,low,orange,1
6,low,orange,1
6,low,orange,0
6,low,orange,1
6,low,orange,0
6,low,orange,1
6,low,orange,0
6,low,orange,0
6,low,orange,0
6,low,blue,1
6,low,blue,1
6,low,blue,1
6,low,blue,1
6,low,blue,0
6,low,blue,1
6,low,blue,1
6,low,blue,1
6,low,blue,0
6,low,blue,1
6,low,blue,0
6,low,blue,1
6,low,blue,0
6,low,blue,1
6,low,blue,1
6,low,blue,1
6,low,blue,0
6,low,blue,1
6,low,blue,0
6,low,blue,0
6,low,blue,0
6,low,orange,0
6,low,orange,1
6,low,orange,0
6,low,orange,1
6,low,orange,1
6,low,orange,1
6,low,orange,0
6,low,orange,0
6,low,orange,0
7,high,orange,1
7,high,orange,1
7,high,orange,0
7,high,blue,0
7,high,orange,0
7,high,orange,0
7,high,orange,0
7,high,blue,1
7,high,orange,1
7,high,orange,1
7,high,orange,0
7,high,orange,1
7,high,orange,1
7,high,orange,0
7,high,orange,1
7,high,orange,0
7,high,orange,0
7,high,blue,0
7,high,orange,1
7,high,orange,1
7,high,orange,1
7,high,orange,0
7,high,orange,1
7,high,orange,1
7,high,orange,1
7,high,orange,1
7,high,orange,1
7,high,orange,1
7,high,orange,1
7,high,orange,0
7,high,orange,1
7,high,orange,0
7,high,orange,0
7,high,blue,1
7,high,blue,1
7,high,blue,0
7,high,blue,1
7,high,blue,1
7,high,blue,0
7,high,blue,1
7,high,blue,1
7,high,blue,1
7,high,blue,0
7,high,blue,0
7,high,blue,1
7,high,blue,1
7,high,blue,1
7,high,blue,1
7,high,blue,0
7,high,blue,0
7,high,blue,1
7,high,blue,0
7,high,blue,0
7,high,blue,1
7,high,blue,1
7,high,blue,0
7,high,blue,0
7,high,blue,0
7,high,blue,0
7,high,orange,0
7,high,orange,1
7,high,orange,0
7,high,orange,1
7,high,orange,1
7,high,orange,1
7,high,orange,1
7,high,orange,1
7,high,orange,0
7,high,orange,0
7,high,orange,0
7,high,blue,0
7,high,blue,1
7,high,blue,0
7,high,blue,1
7,high,blue,0
7,high,blue,1
7,high,blue,1
7,high,orange,0
7,high,blue,1
7,high,blue,1
7,high,blue,1
7,high,blue,0
7,high,blue,1
7,high,blue,1
7,high,blue,0
7,high,orange,0
7,high,orange,1
7,high,orange,1
7,high,orange,1
7,high,orange,1
7,high,orange,0
7,high,orange,0
7,high,orange,1
7,high,orange,1
7,high,orange,1
7,high,orange,0
7,high,orange,1
7,high,orange,1
7,high,orange,0
7,high,blue,0
7,high,blue,1
7,high,blue,0
7,high,orange,0
7,high,orange,0
7,high,orange,0
7,high,orange,0
7,high,orange,0
7,high,blue,1
7,high,blue,1
7,high,blue,0
7,high,blue,1
7,high,blue,1
7,high,blue,1
7,high,blue,0
7,high,blue,1
7,high,blue,0
7,high,blue,1
7,high,blue,0
7,high,blue,1
7,high,blue,1
7,high,blue,1
7,high,blue,0
7,high,blue,1
7,high,blue,0
7,high,blue,0
7,high,blue,0
7,high,orange,0
7,high,orange,1
7,high,orange,0
7,high,orange,1
7,high,orange,1
7,high,orange,1
7,high,orange,0
7,high,orange,0
7,high,orange,0
8,low,orange,1
8,low,blue,0
8,low,orange,0
8,low,orange,1
8,low,blue,1
8,low,blue,1
8,low,blue,1
8,low,blue,1
8,low,blue,0
8,low,blue,0
8,low,orange,0
8,low,orange,1
8,low,orange,1
8,low,orange,0
8,low,orange,1
8,low,orange,0
8,low,blue,1
8,low,blue,0
8,low,blue,0
8,low,orange,1
8,low,orange,1
8,low,orange,0
8,low,orange,1
8,low,orange,1
8,low,orange,1
8,low,orange,1
8,low,orange,1
8,low,orange,1
8,low,orange,1
8,low,orange,0
8,low,orange,1
8,low,orange,0
8,low,orange,0
8,low,orange,0
8,low,blue,1
8,low,blue,0
8,low,blue,1
8,low,blue,1
8,low,blue,0
8,low,blue,1
8,low,blue,1
8,low,blue,1
8,low,blue,0
8,low,blue,0
8,low,blue,1
8,low,blue,1
8,low,blue,1
8,low,blue,1
8,low,blue,0
8,low,blue,0
8,low,blue,1
8,low,blue,0
8,low,orange,1
8,low,orange,0
8,low,orange,0
8,low,orange,1
8,low,orange,1
8,low,orange,1
8,low,orange,1
8,low,orange,0
8,low,orange,1
8,low,orange,0
8,low,blue,0
8,low,blue,0
8,low,orange,1
8,low,orange,1
8,low,orange,1
8,low,orange,0
8,low,orange,0
8,low,orange,0
8,low,blue,0
8,low,blue,1
8,low,blue,0
8,low,blue,1
8,low,blue,0
8,low,blue,1
8,low,blue,1
8,low,blue,1
8,low,blue,1
8,low,blue,1
8,low,blue,1
8,low,blue,0
8,low,blue,1
8,low,blue,1
8,low,blue,0
8,low,blue,1
8,low,blue,0
8,low,blue,0
8,low,orange,1
8,low,orange,1
8,low,orange,0
8,low,orange,0
8,low,orange,1
8,low,orange,1
8,low,orange,1
8,low,orange,0
8,low,orange,1
8,low,orange,1
8,low,orange,0
8,low,orange,1
8,low,orange,0
8,low,orange,1
8,low,orange,0
8,low,blue,1
8,low,blue,1
8,low,blue,1
8,low,blue,1
8,low,blue,1
8,low,blue,1
8,low,blue,0
8,low,blue,1
8,low,blue,1
8,low,blue,1
8,low,blue,0
8,low,blue,1
8,low,blue,0
8,low,blue,1
8,low,blue,0
8,low,blue,1
8,low,blue,1
8,low,blue,1
8,low,blue,0
8,low,blue,1
8,low,blue,0
8,low,blue,0
8,low,blue,0
8,low,blue,1
8,low,blue,0
8,low,orange,0
8,low,orange,1
8,low,orange,1
8,low,orange,1
8,low,orange,0
8,low,orange,0
8,low,orange,0
9,high,orange,0
9,high,blue,1
9,high,blue,0
9,high,blue,0
9,high,orange,1
9,high,orange,1
9,high,orange,0
9,high,orange,0
9,high,blue,1
9,high,blue,1
9,high,blue,0
9,high,blue,1
9,high,blue,1
9,high,blue,0
9,high,blue,1
9,high,blue,1
9,high,blue,0
9,high,blue,0
9,high,orange,1
9,high,orange,0
9,high,orange,0
9,high,orange,1
9,high,orange,0
9,high,orange,1
9,high,orange,0
9,high,orange,1
9,high,orange,1
9,high,orange,1
9,high,orange,1
9,high,orange,0
9,high,orange,1
9,high,orange,0
9,high,orange,0
9,high,blue,1
9,high,blue,1
9,high,blue,0
9,high,blue,0
9,high,orange,1
9,high,orange,0
9,high,orange,0
9,high,blue,1
9,high,blue,0
9,high,blue,1
9,high,blue,0
9,high,blue,1
9,high,blue,1
9,high,blue,0
9,high,blue,1
9,high,blue,1
9,high,blue,1
9,high,blue,1
9,high,blue,0
9,high,blue,0
9,high,orange,0
9,high,orange,1
9,high,orange,1
9,high,orange,1
9,high,orange,1
9,high,orange,1
9,high,orange,0
9,high,orange,1
9,high,orange,0
9,high,blue,0
9,high,blue,1
9,high,blue,1
9,high,blue,0
9,high,blue,1
9,high,blue,0
9,high,blue,0
9,high,orange,1
9,high,orange,1
9,high,orange,0
9,high,orange,1
9,high,orange,0
9,high,orange,0
9,high,blue,1
9,high,blue,0
9,high,blue,1
9,high,blue,0
9,high,blue,1
9,high,blue,0
9,high,blue,1
9,high,blue,1
9,high,blue,1
9,high,blue,0
9,high,orange,0
9,high,orange,0
9,high,orange,1
9,high,orange,0
9,high,orange,0
9,high,blue,0
9,high,blue,0
9,high,orange,1
9,high,orange,0
9,high,orange,1
9,high,orange,1
9,high,orange,1
9,high,orange,0
9,high,orange,1
9,high,orange,1
9,high,orange,1
9,high,orange,0
9,high,orange,0
9,high,orange,0
9,high,blue,1
9,high,blue,1
9,high,blue,1
9,high,blue,1
9,high,blue,1
9,high,blue,1
9,high,blue,1
9,high,blue,1
9,high,blue,1
9,high,blue,0
9,high,blue,0
9,high,orange,1
9,high,orange,0
9,high,orange,0
9,high,orange,0
9,high,orange,1
9,high,orange,1
9,high,orange,1
9,high,orange,0
9,high,orange,1
9,high,orange,0
9,high,blue,0
9,high,blue,0
9,high,orange,0
9,high,blue,1
9,high,blue,0
9,high,blue,1
9,high,blue,0
9,high,blue,0
9,high,orange,1
9,high,orange,1
10,low,blue,1
10,low,blue,1
10,low,blue,0
10,low,blue,0
10,low,blue,0
10,low,orange,1
10,low,orange,0
10,low,blue,1
10,low,blue,1
10,low,blue,1
10,low,blue,0
10,low,blue,1
10,low,blue,1
10,low,blue,0
10,low,blue,1
10,low,blue,1
10,low,blue,0
10,low,blue,0
10,low,blue,0
10,low,orange,0
10,low,orange,0
10,low,orange,1
10,low,orange,0
10,low,blue,0
10,low,blue,1
10,low,blue,0
10,low,blue,0
10,low,blue,0
10,low,blue,0
10,low,orange,0
10,low,orange,1
10,low,orange,0
10,low,orange,0
10,low,orange,0
10,low,orange,0
10,low,blue,0
10,low,blue,0
10,low,blue,0
10,low,blue,1
10,low,blue,1
10,low,blue,1
10,low,blue,0
10,low,blue,1
10,low,blue,0
10,low,blue,1
10,low,blue,1
10,low,blue,0
10,low,blue,1
10,low,blue,1
10,low,blue,1
10,low,blue,1
10,low,blue,0
10,low,blue,0
10,low,blue,1
10,low,blue,0
10,low,blue,0
10,low,blue,0
10,low,orange,1
10,low,orange,1
10,low,orange,0
10,low,orange,1
10,low,orange,0
10,low,orange,1
10,low,orange,0
10,low,blue,1
10,low,blue,0
10,low,blue,1
10,low,blue,0
10,low,blue,0
10,low,blue,0
10,low,orange,1
10,low,orange,0
10,low,orange,1
10,low,orange,0
10,low,orange,0
10,low,orange,0
10,low,blue,0
10,low,blue,1
10,low,blue,0
10,low,blue,1
10,low,blue,0
10,low,blue,1
10,low,blue,1
10,low,orange,0
10,low,blue,0
10,low,blue,1
10,low,blue,1
10,low,blue,0
10,low,blue,1
10,low,blue,1
10,low,blue,0
10,low,blue,0
10,low,blue,0
10,low,blue,1
10,low,blue,0
10,low,blue,0
10,low,orange,1
10,low,orange,0
10,low,orange,1
10,low,orange,1
10,low,orange,1
10,low,orange,0
10,low,orange,0
10,low,orange,0
10,low,blue,1
10,low,blue,1
10,low,blue,1
10,low,blue,1
10,low,blue,1
10,low,blue,1
10,low,blue,1
10,low,blue,1
10,low,blue,1
10,low,blue,0
10,low,blue,0
10,low,blue,0
10,low,orange,0
10,low,orange,0
10,low,blue,1
10,low,blue,0
10,low,blue,0
10,low,blue,0
10,low,orange,0
10,low,orange,1
10,low,orange,0
10,low,orange,1
10,low,orange,1
10,low,orange,0
10,low,orange,0
10,low,orange,1
10,low,orange,0
10,low,orange,1
10,low,orange,1
10,low,orange,1
10,low,orange,1
11,high,blue,0
11,high,blue,0
11,high,orange,0
11,high,orange,1
11,high,orange,0
11,high,blue,1
11,high,blue,1
11,high,blue,1
11,high,blue,0
11,high,orange,1
11,high,orange,0
11,high,orange,1
11,high,orange,1
11,high,orange,0
11,high,orange,1
11,high,orange,0
11,high,blue,1
11,high,blue,0
11,high,orange,1
11,high,orange,1
11,high,orange,1
11,high,orange,0
11,high,blue,0
11,high,orange,1
11,high,orange,1
11,high,orange,1
11,high,orange,1
11,high,orange,1
11,high,orange,1
11,high,orange,0
11,high,blue,0
11,high,orange,0
11,high,orange,0
11,high,blue,1
11,high,blue,1
11,high,blue,0
11,high,blue,1
11,high,blue,1
11,high,blue,0
11,high,blue,1
11,high,blue,1
11,high,blue,1
11,high,blue,0
11,high,blue,0
11,high,orange,0
11,high,orange,0
11,high,blue,1
11,high,blue,1
11,high,blue,0
11,high,blue,0
11,high,orange,0
11,high,blue,0
11,high,blue,0
11,high,orange,0
11,high,orange,0
11,high,orange,1
11,high,orange,1
11,high,orange,1
11,high,orange,1
11,high,orange,0
11,high,orange,1
11,high,orange,0
11,high,orange,1
11,high,orange,1
11,high,orange,1
11,high,orange,1
11,high,orange,1
11,high,orange,0
11,high,orange,0
11,high,orange,0
11,high,blue,0
11,high,blue,1
11,high,blue,0
11,high,blue,1
11,high,blue,0
11,high,blue,1
11,high,blue,1
11,high,blue,1
11,high,blue,1
11,high,blue,1
11,high,blue,1
11,high,blue,0
11,high,blue,1
11,high,blue,1
11,high,blue,0
11,high,blue,1
11,high,blue,0
11,high,blue,0
11,high,blue,0
11,high,orange,1
11,high,orange,0
11,high,orange,0
11,high,orange,1
11,high,orange,1
11,high,orange,1
11,high,orange,0
11,high,orange,1
11,high,orange,1
11,high,orange,0
11,high,orange,1
11,high,orange,0
11,high,orange,1
11,high,orange,0
11,high,orange,0
11,high,orange,0
11,high,blue,1
11,high,blue,1
11,high,blue,1
11,high,blue,1
11,high,blue,0
11,high,blue,1
11,high,blue,1
11,high,blue,1
11,high,blue,0
11,high,blue,1
11,high,blue,0
11,high,blue,1
11,high,blue,0
11,high,blue,1
11,high,blue,1
11,high,blue,1
11,high,blue,0
11,high,blue,1
11,high,blue,0
11,high,blue,0
11,high,orange,1
11,high,orange,0
11,high,blue,0
11,high,orange,0
11,high,orange,1
11,high,orange,1
11,high,orange,1
11,high,orange,0
11,high,orange,0
11,high,orange,0
12,low,orange,0
12,low,blue,1
12,low,blue,0
12,low,orange,1
12,low,orange,1
12,low,orange,1
12,low,orange,0
12,low,blue,1
12,low,blue,1
12,low,blue,1
12,low,blue,0
12,low,orange,0
12,low,blue,1
12,low,blue,0
12,low,blue,1
12,low,orange,0
12,low,blue,0
12,low,orange,1
12,low,orange,1
12,low,orange,0
12,low,orange,0
12,low,blue,0
12,low,orange,0
12,low,blue,0
12,low,orange,0
12,low,orange,1
12,low,orange,1
12,low,orange,1
12,low,orange,1
12,low,orange,0
12,low,orange,1
12,low,orange,0
12,low,blue,1
12,low,blue,1
12,low,blue,1
12,low,blue,0
12,low,blue,0
12,low,orange,1
12,low,orange,0
12,low,orange,0
12,low,blue,1
12,low,blue,0
12,low,blue,1
12,low,orange,1
12,low,orange,0
12,low,blue,1
12,low,blue,0
12,low,blue,1
12,low,blue,1
12,low,blue,1
12,low,blue,1
12,low,blue,0
12,low,orange,1
12,low,orange,0
12,low,orange,1
12,low,orange,1
12,low,orange,1
12,low,orange,1
12,low,orange,1
12,low,orange,0
12,low,orange,1
12,low,orange,0
12,low,orange,1
12,low,orange,0
12,low,blue,1
12,low,blue,0
12,low,orange,0
12,low,blue,0
12,low,orange,1
12,low,orange,1
12,low,orange,1
12,low,blue,1
12,low,orange,1
12,low,blue,1
12,low,blue,1
12,low,orange,0
12,low,orange,1
12,low,orange,0
12,low,blue,0
12,low,orange,0
12,low,blue,0
12,low,orange,0
12,low,blue,1
12,low,orange,0
12,low,blue,0
12,low,orange,0
12,low,blue,1
12,low,orange,1
12,low,orange,0
12,low,orange,0
12,low,blue,0
12,low,blue,0
12,low,blue,0
12,low,orange,0
12,low,blue,0
12,low,blue,0
12,low,orange,1
12,low,orange,0
12,low,orange,1
12,low,orange,1
12,low,orange,1
12,low,orange,0
12,low,orange,0
12,low,orange,0
12,low,blue,1
12,low,blue,1
12,low,blue,1
12,low,blue,1
12,low,blue,1
12,low,blue,1
12,low,blue,1
12,low,blue,1
12,low,blue,1
12,low,blue,0
12,low,blue,0
12,low,orange,1
12,low,orange,0
12,low,orange,0
12,low,orange,0
12,low,blue,0
12,low,orange,1
12,low,orange,1
12,low,orange,0
12,low,orange,1
12,low,orange,0
12,low,blue,0
12,low,orange,1
12,low,orange,0
12,low,blue,1
12,low,blue,0
12,low,orange,0
12,low,orange,1
12,low,orange,1
12,low,orange,1
12,low,orange,1
13,high,blue,0
13,high,blue,0
13,high,orange,0
13,high,orange,1
13,high,orange,0
13,high,orange,0
13,high,blue,1
13,high,blue,1
13,high,blue,0
13,high,blue,0
13,high,blue,1
13,high,blue,0
13,high,orange,1
13,high,orange,0
13,high,orange,1
13,high,orange,0
13,high,blue,1
13,high,blue,0
13,high,blue,0
13,high,orange,1
13,high,orange,1
13,high,orange,0
13,high,orange,1
13,high,orange,1
13,high,orange,1
13,high,orange,1
13,high,orange,1
13,high,orange,1
13,high,orange,1
13,high,orange,0
13,high,blue,0
13,high,blue,1
13,high,blue,1
13,high,blue,1
13,high,blue,1
13,high,blue,0
13,high,blue,1
13,high,orange,0
13,high,blue,0
13,high,blue,1
13,high,blue,1
13,high,orange,0
13,high,blue,0
13,high,orange,1
13,high,orange,0
13,high,orange,0
13,high,orange,0
13,high,orange,0
13,high,orange,1
13,high,orange,1
13,high,orange,0
13,high,orange,1
13,high,orange,1
13,high,orange,0
13,high,orange,0
13,high,blue,0
13,high,blue,0
13,high,orange,1
13,high,orange,1
13,high,orange,0
13,high,orange,1
13,high,orange,0
13,high,orange,1
13,high,orange,1
13,high,orange,1
13,high,orange,1
13,high,orange,1
13,high,orange,0
13,high,orange,0
13,high,orange,0
13,high,orange,1
13,high,orange,0
13,high,orange,1
13,high,orange,0
13,high,orange,1
13,high,orange,0
13,high,orange,0
13,high,orange,0
13,high,blue,1
13,high,blue,1
13,high,blue,1
13,high,blue,0
13,high,blue,1
13,high,blue,1
13,high,blue,0
13,high,blue,1
13,high,blue,0
13,high,blue,0
13,high,blue,0
13,high,orange,1
13,high,orange,0
13,high,orange,0
13,high,blue,0
13,high,orange,1
13,high,orange,1
13,high,orange,0
13,high,orange,1
13,high,orange,1
13,high,orange,0
13,high,orange,1
13,high,orange,0
13,high,orange,1
13,high,orange,0
13,high,orange,0
13,high,blue,1
13,high,blue,1
13,high,blue,1
13,high,blue,1
13,high,blue,1
13,high,blue,0
13,high,blue,1
13,high,blue,1
13,high,blue,1
13,high,blue,0
13,high,blue,1
13,high,blue,0
13,high,blue,1
13,high,blue,0
13,high,blue,1
13,high,blue,1
13,high,blue,1
13,high,blue,0
13,high,blue,1
13,high,blue,0
13,high,blue,0
13,high,blue,0
13,high,orange,0
13,high,orange,1
13,high,orange,0
13,high,orange,1
13,high,orange,1
13,high,orange,1
13,high,orange,0
13,high,orange,0
13,high,orange,0
14,low,blue,1
14,low,blue,1
14,low,blue,0
14,low,blue,0
14,low,blue,0
14,low,orange,1
14,low,orange,0
14,low,blue,1
14,low,blue,1
14,low,blue,1
14,low,blue,0
14,low,blue,1
14,low,blue,1
14,low,blue,0
14,low,blue,1
14,low,blue,1
14,low,blue,0
14,low,blue,0
14,low,orange,1
14,low,orange,0
14,low,orange,0
14,low,orange,1
14,low,orange,0
14,low,blue,0
14,low,blue,1
14,low,blue,0
14,low,blue,0
14,low,orange,1
14,low,orange,1
14,low,orange,0
14,low,orange,1
14,low,orange,0
14,low,orange,0
14,low,orange,0
14,low,orange,0
14,low,blue,0
14,low,blue,0
14,low,blue,0
14,low,orange,0
14,low,orange,0
14,low,orange,0
14,low,orange,1
14,low,blue,1
14,low,blue,0
14,low,blue,1
14,low,blue,1
14,low,blue,0
14,low,blue,1
14,low,blue,1
14,low,blue,1
14,low,orange,0
14,low,orange,1
14,low,orange,1
14,low,orange,0
14,low,orange,1
14,low,orange,1
14,low,orange,1
14,low,orange,1
14,low,orange,1
14,low,orange,0
14,low,orange,1
14,low,orange,0
14,low,orange,1
14,low,orange,0
14,low,orange,0
14,low,orange,1
14,low,orange,0
14,low,blue,0
14,low,orange,1
14,low,orange,1
14,low,orange,1
14,low,orange,0
14,low,orange,1
14,low,orange,0
14,low,orange,0
14,low,orange,0
14,low,orange,1
14,low,orange,0
14,low,blue,0
14,low,blue,1
14,low,blue,0
14,low,blue,1
14,low,blue,1
14,low,blue,1
14,low,blue,0
14,low,blue,1
14,low,blue,1
14,low,blue,0
14,low,blue,1
14,low,blue,1
14,low,blue,0
14,low,blue,0
14,low,blue,0
14,low,blue,1
14,low,blue,0
14,low,blue,0
14,low,orange,1
14,low,orange,0
14,low,orange,1
14,low,orange,1
14,low,orange,1
14,low,orange,0
14,low,orange,0
14,low,orange,0
14,low,orange,0
14,low,orange,0
14,low,orange,0
14,low,orange,0
14,low,orange,0
14,low,blue,1
14,low,orange,0
14,low,blue,1
14,low,blue,1
14,low,blue,0
14,low,blue,0
14,low,blue,0
14,low,orange,0
14,low,orange,0
14,low,orange,0
14,low,orange,1
14,low,orange,1
14,low,orange,1
14,low,orange,0
14,low,orange,1
14,low,orange,0
14,low,orange,1
14,low,orange,1
14,low,blue,1
14,low,blue,1
14,low,blue,0
14,low,blue,1
14,low,blue,0
14,low,blue,0
14,low,blue,0
14,low,orange,1
15,high,blue,0
15,high,orange,1
15,high,orange,0
15,high,orange,1
15,high,orange,0
15,high,blue,1
15,high,blue,1
15,high,blue,1
15,high,blue,0
15,high,blue,0
15,high,blue,1
15,high,orange,1
15,high,orange,1
15,high,orange,0
15,high,orange,1
15,high,orange,0
15,high,blue,1
15,high,blue,0
15,high,blue,0
15,high,orange,1
15,high,orange,1
15,high,orange,0
15,high,orange,1
15,high,orange,1
15,high,orange,1
15,high,orange,1
15,high,orange,1
15,high,orange,1
15,high,orange,1
15,high,orange,0
15,high,orange,1
15,high,orange,0
15,high,orange,0
15,high,blue,1
15,high,blue,1
15,high,blue,0
15,high,blue,1
15,high,blue,1
15,high,blue,0
15,high,orange,0
15,high,orange,0
15,high,orange,0
15,high,blue,0
15,high,blue,0
15,high,blue,1
15,high,blue,1
15,high,blue,1
15,high,blue,1
15,high,blue,0
15,high,orange,1
15,high,orange,0
15,high,blue,0
15,high,orange,1
15,high,orange,0
15,high,orange,0
15,high,blue,0
15,high,blue,0
15,high,orange,1
15,high,orange,1
15,high,orange,0
15,high,orange,1
15,high,orange,0
15,high,blue,0
15,high,blue,0
15,high,orange,1
15,high,orange,1
15,high,orange,1
15,high,orange,0
15,high,blue,1
15,high,blue,1
15,high,blue,0
15,high,blue,1
15,high,blue,0
15,high,orange,0
15,high,blue,0
15,high,orange,0
15,high,blue,1
15,high,blue,1
15,high,blue,1
15,high,blue,1
15,high,blue,1
15,high,blue,0
15,high,blue,1
15,high,blue,1
15,high,blue,0
15,high,blue,1
15,high,orange,1
15,high,orange,1
15,high,orange,1
15,high,orange,1
15,high,orange,0
15,high,blue,1
15,high,blue,0
15,high,orange,1
15,high,orange,1
15,high,orange,0
15,high,blue,0
15,high,orange,1
15,high,orange,0
15,high,blue,0
15,high,orange,0
15,high,blue,0
15,high,orange,0
15,high,blue,1
15,high,blue,1
15,high,blue,1
15,high,blue,1
15,high,blue,1
15,high,blue,1
15,high,blue,0
15,high,orange,0
15,high,orange,0
15,high,blue,1
15,high,blue,0
15,high,blue,1
15,high,blue,0
15,high,blue,1
15,high,blue,0
15,high,orange,0
15,high,orange,0
15,high,blue,1
15,high,blue,0
15,high,blue,1
15,high,blue,0
15,high,orange,1
15,high,orange,1
15,high,orange,0
15,high,orange,1
15,high,orange,0
15,high,blue,0
15,high,blue,0
15,high,orange,1
15,high,orange,0
15,high,orange,0
15,high,blue,1
16,low,blue,0
16,low,orange,1
16,low,orange,0
16,low,blue,0
16,low,orange,0
16,low,orange,0
16,low,blue,1
16,low,blue,1
16,low,blue,0
16,low,blue,0
16,low,blue,1
16,low,blue,0
16,low,blue,0
16,low,orange,0
16,low,blue,0
16,low,blue,1
16,low,blue,1
16,low,blue,0
16,low,blue,0
16,low,blue,0
16,low,blue,0
16,low,orange,0
16,low,orange,1
16,low,orange,1
16,low,orange,1
16,low,orange,1
16,low,orange,1
16,low,orange,1
16,low,orange,1
16,low,orange,0
16,low,blue,0
16,low,orange,0
16,low,orange,0
16,low,blue,1
16,low,blue,1
16,low,blue,0
16,low,blue,1
16,low,blue,1
16,low,blue,0
16,low,blue,1
16,low,blue,1
16,low,blue,1
16,low,blue,0
16,low,blue,0
16,low,blue,1
16,low,blue,1
16,low,blue,1
16,low,blue,1
16,low,blue,0
16,low,blue,0
16,low,blue,1
16,low,blue,0
16,low,blue,0
16,low,blue,1
16,low,blue,1
16,low,blue,0
16,low,blue,0
16,low,blue,0
16,low,orange,1
16,low,orange,0
16,low,orange,1
16,low,orange,0
16,low,orange,1
16,low,orange,1
16,low,orange,1
16,low,orange,1
16,low,orange,1
16,low,orange,0
16,low,orange,0
16,low,blue,1
16,low,blue,0
16,low,blue,1
16,low,blue,0
16,low,blue,1
16,low,blue,0
16,low,blue,1
16,low,blue,1
16,low,blue,1
16,low,orange,0
16,low,blue,1
16,low,blue,1
16,low,blue,0
16,low,blue,1
16,low,blue,1
16,low,blue,0
16,low,blue,1
16,low,blue,0
16,low,blue,0
16,low,blue,0
16,low,orange,1
16,low,orange,0
16,low,orange,0
16,low,orange,1
16,low,orange,1
16,low,orange,1
16,low,orange,0
16,low,orange,1
16,low,orange,1
16,low,orange,0
16,low,orange,1
16,low,orange,0
16,low,blue,0
16,low,orange,0
16,low,orange,0
16,low,blue,1
16,low,blue,1
16,low,blue,1
16,low,blue,1
16,low,blue,1
16,low,blue,0
16,low,blue,1
16,low,blue,1
16,low,blue,1
16,low,blue,0
16,low,blue,1
16,low,blue,0
16,low,blue,1
16,low,blue,0
16,low,blue,1
16,low,blue,1
16,low,blue,1
16,low,blue,0
16,low,blue,1
16,low,blue,0
16,low,blue,0
16,low,blue,0
16,low,blue,1
16,low,orange,1
16,low,orange,0
16,low,blue,0
16,low,blue,0
16,low,orange,1
16,low,blue,1
16,low,blue,1
16,low,blue,1
17,high,blue,0
17,high,orange,1
17,high,blue,1
17,high,blue,0
17,high,orange,0
17,high,blue,1
17,high,blue,1
17,high,blue,1
17,high,blue,0
17,high,orange,1
17,high,orange,0
17,high,blue,0
17,high,orange,1
17,high,orange,0
17,high,orange,1
17,high,blue,1
17,high,orange,0
17,high,orange,1
17,high,orange,1
17,high,orange,1
17,high,blue,0
17,high,orange,0
17,high,blue,0
17,high,orange,1
17,high,orange,1
17,high,orange,1
17,high,orange,1
17,high,orange,1
17,high,orange,1
17,high,orange,0
17,high,orange,1
17,high,orange,0
17,high,blue,1
17,high,orange,0
17,high,blue,1
17,high,blue,0
17,high,blue,1
17,high,blue,1
17,high,blue,0
17,high,blue,1
17,high,blue,1
17,high,blue,1
17,high,blue,0
17,high,blue,0
17,high,orange,0
17,high,orange,0
17,high,blue,1
17,high,blue,1
17,high,blue,0
17,high,orange,1
17,high,orange,0
17,high,blue,0
17,high,orange,1
17,high,orange,0
17,high,orange,0
17,high,blue,0
17,high,blue,0
17,high,orange,1
17,high,orange,1
17,high,orange,0
17,high,orange,1
17,high,orange,0
17,high,orange,1
17,high,orange,1
17,high,orange,1
17,high,orange,1
17,high,orange,1
17,high,orange,0
17,high,orange,0
17,high,orange,0
17,high,blue,0
17,high,blue,1
17,high,blue,0
17,high,orange,0
17,high,orange,1
17,high,orange,0
17,high,blue,1
17,high,blue,1
17,high,blue,1
17,high,blue,1
17,high,blue,1
17,high,blue,0
17,high,blue,1
17,high,blue,1
17,high,blue,0
17,high,blue,1
17,high,blue,0
17,high,blue,0
17,high,blue,0
17,high,blue,0
17,high,orange,0
17,high,orange,0
17,high,orange,1
17,high,orange,1
17,high,orange,1
17,high,orange,0
17,high,orange,1
17,high,orange,1
17,high,orange,0
17,high,orange,1
17,high,orange,0
17,high,orange,1
17,high,orange,0
17,high,blue,1
17,high,blue,1
17,high,blue,1
17,high,blue,1
17,high,blue,1
17,high,blue,1
17,high,blue,0
17,high,blue,1
17,high,blue,1
17,high,blue,1
17,high,blue,0
17,high,blue,1
17,high,blue,0
17,high,blue,1
17,high,blue,0
17,high,blue,1
17,high,blue,1
17,high,blue,1
17,high,blue,0
17,high,blue,1
17,high,blue,0
17,high,blue,0
17,high,orange,1
17,high,orange,0
17,high,orange,1
17,high,orange,0
17,high,orange,1
17,high,orange,1
17,high,orange,1
17,high,orange,0
17,high,orange,0
17,high,orange,0
18,low,blue,0
18,low,orange,1
18,low,orange,0
18,low,orange,1
18,low,orange,0
18,low,orange,0
18,low,blue,1
18,low,blue,1
18,low,blue,0
18,low,blue,0
18,low,orange,0
18,low,orange,1
18,low,orange,1
18,low,orange,0
18,low,blue,0
18,low,blue,1
18,low,blue,1
18,low,blue,0
18,low,blue,0
18,low,orange,1
18,low,orange,1
18,low,blue,1
18,low,blue,0
18,low,orange,1
18,low,orange,1
18,low,orange,1
18,low,blue,0
18,low,orange,1
18,low,orange,1
18,low,orange,0
18,low,blue,0
18,low,blue,1
18,low,blue,1
18,low,blue,1
18,low,blue,1
18,low,blue,0
18,low,orange,0
18,low,blue,1
18,low,blue,0
18,low,orange,0
18,low,orange,0
18,low,blue,1
18,low,blue,0
18,low,blue,0
18,low,orange,0
18,low,blue,1
18,low,blue,1
18,low,blue,1
18,low,blue,0
18,low,orange,1
18,low,orange,0
18,low,blue,0
18,low,blue,0
18,low,orange,0
18,low,orange,0
18,low,orange,1
18,low,orange,1
18,low,orange,1
18,low,orange,1
18,low,orange,0
18,low,orange,1
18,low,orange,0
18,low,orange,1
18,low,orange,1
18,low,orange,1
18,low,orange,1
18,low,orange,1
18,low,orange,0
18,low,blue,1
18,low,blue,1
18,low,blue,0
18,low,blue,1
18,low,blue,0
18,low,blue,1
18,low,blue,0
18,low,blue,1
18,low,blue,1
18,low,blue,1
18,low,blue,1
18,low,blue,1
18,low,blue,1
18,low,blue,0
18,low,blue,1
18,low,blue,1
18,low,blue,0
18,low,blue,1
18,low,blue,0
18,low,blue,0
18,low,orange,1
18,low,orange,1
18,low,orange,0
18,low,orange,0
18,low,blue,0
18,low,orange,1
18,low,orange,1
18,low,orange,0
18,low,orange,1
18,low,orange,1
18,low,orange,0
18,low,orange,1
18,low,orange,0
18,low,orange,1
18,low,orange,0
18,low,orange,0
18,low,orange,0
18,low,blue,1
18,low,blue,1
18,low,blue,1
18,low,blue,1
18,low,blue,0
18,low,blue,1
18,low,blue,1
18,low,blue,1
18,low,blue,0
18,low,blue,1
18,low,blue,0
18,low,blue,1
18,low,blue,0
18,low,blue,1
18,low,blue,1
18,low,blue,1
18,low,blue,0
18,low,blue,1
18,low,blue,0
18,low,blue,0
18,low,blue,0
18,low,orange,0
18,low,orange,1
18,low,orange,0
18,low,orange,1
18,low,orange,1
18,low,orange,1
18,low,orange,0
18,low,orange,0
18,low,blue,1
19,high,blue,0
19,high,orange,1
19,high,orange,0
19,high,blue,0
19,high,orange,0
19,high,orange,0
19,high,blue,1
19,high,orange,0
19,high,orange,1
19,high,orange,1
19,high,orange,0
19,high,orange,1
19,high,orange,1
19,high,orange,0
19,high,orange,1
19,high,orange,0
19,high,orange,0
19,high,orange,1
19,high,orange,1
19,high,orange,1
19,high,orange,1
19,high,orange,0
19,high,orange,1
19,high,orange,1
19,high,orange,1
19,high,blue,0
19,high,orange,1
19,high,orange,1
19,high,orange,1
19,high,orange,0
19,high,orange,1
19,high,orange,0
19,high,blue,1
19,high,orange,0
19,high,orange,0
19,high,orange,1
19,high,orange,0
19,high,orange,0
19,high,blue,0
19,high,orange,0
19,high,blue,1
19,high,blue,1
19,high,blue,0
19,high,blue,0
19,high,blue,1
19,high,blue,1
19,high,blue,1
19,high,blue,1
19,high,blue,0
19,high,blue,0
19,high,blue,1
19,high,blue,0
19,high,blue,0
19,high,blue,1
19,high,blue,1
19,high,blue,0
19,high,blue,0
19,high,blue,0
19,high,orange,1
19,high,orange,0
19,high,orange,1
19,high,orange,0
19,high,orange,1
19,high,orange,1
19,high,orange,1
19,high,orange,1
19,high,orange,1
19,high,orange,0
19,high,blue,1
19,high,orange,0
19,high,orange,1
19,high,orange,0
19,high,orange,1
19,high,orange,0
19,high,orange,1
19,high,orange,0
19,high,orange,0
19,high,orange,0
19,high,blue,1
19,high,blue,1
19,high,blue,1
19,high,blue,0
19,high,blue,1
19,high,blue,1
19,high,orange,1
19,high,orange,0
19,high,orange,1
19,high,orange,1
19,high,orange,1
19,high,orange,1
19,high,orange,0
19,high,orange,0
19,high,orange,1
19,high,orange,1
19,high,orange,1
19,high,orange,0
19,high,orange,1
19,high,orange,1
19,high,orange,0
19,high,orange,1
19,high,orange,0
19,high,orange,1
19,high,orange,0
19,high,orange,0
19,high,blue,1
19,high,blue,1
19,high,blue,1
19,high,blue,1
19,high,blue,1
19,high,blue,0
19,high,blue,1
19,high,blue,1
19,high,blue,1
19,high,blue,0
19,high,blue,1
19,high,blue,0
19,high,blue,1
19,high,blue,0
19,high,blue,1
19,high,blue,1
19,high,blue,1
19,high,blue,0
19,high,blue,1
19,high,blue,0
19,high,blue,0
19,high,blue,0
19,high,orange,0
19,high,orange,1
19,high,orange,0
19,high,orange,1
19,high,orange,1
19,high,blue,0
19,high,blue,1
19,high,blue,1
19,high,blue,1
20,low,orange,1
20,low,orange,1
20,low,orange,0
20,low,orange,1
20,low,orange,0
20,low,orange,0
20,low,orange,0
20,low,blue,1
20,low,orange,1
20,low,orange,1
20,low,orange,0
20,low,orange,1
20,low,blue,0
20,low,blue,1
20,low,orange,1
20,low,orange,0
20,low,orange,0
20,low,orange,1
20,low,orange,1
20,low,orange,1
20,low,orange,1
20,low,orange,0
20,low,blue,0
20,low,blue,0
20,low,orange,1
20,low,orange,1
20,low,orange,1
20,low,orange,1
20,low,orange,1
20,low,orange,0
20,low,blue,0
20,low,orange,0
20,low,orange,0
20,low,blue,1
20,low,blue,1
20,low,blue,0
20,low,blue,1
20,low,blue,1
20,low,blue,0
20,low,blue,1
20,low,blue,1
20,low,blue,1
20,low,blue,0
20,low,blue,0
20,low,orange,0
20,low,blue,1
20,low,blue,1
20,low,blue,1
20,low,blue,0
20,low,blue,0
20,low,orange,0
20,low,orange,1
20,low,orange,1
20,low,orange,0
20,low,orange,0
20,low,blue,0
20,low,orange,1
20,low,orange,1
20,low,orange,1
20,low,orange,0
20,low,orange,1
20,low,orange,0
20,low,orange,1
20,low,orange,1
20,low,orange,1
20,low,orange,1
20,low,orange,1
20,low,orange,0
20,low,orange,0
20,low,orange,0
20,low,blue,0
20,low,blue,1
20,low,blue,0
20,low,blue,1
20,low,blue,0
20,low,blue,1
20,low,orange,0
20,low,blue,1
20,low,blue,1
20,low,blue,1
20,low,blue,1
20,low,blue,0
20,low,blue,1
20,low,blue,1
20,low,blue,0
20,low,blue,1
20,low,blue,0
20,low,blue,0
20,low,orange,1
20,low,orange,1
20,low,orange,0
20,low,orange,0
20,low,orange,1
20,low,orange,1
20,low,orange,1
20,low,orange,0
20,low,orange,1
20,low,orange,1
20,low,blue,1
20,low,orange,1
20,low,orange,0
20,low,orange,1
20,low,orange,0
20,low,orange,0
20,low,blue,1
20,low,blue,1
20,low,blue,1
20,low,blue,1
20,low,blue,1
20,low,blue,0
20,low,orange,0
20,low,blue,1
20,low,blue,1
20,low,blue,0
20,low,blue,1
20,low,blue,0
20,low,blue,1
20,low,blue,0
20,low,blue,1
20,low,blue,1
20,low,blue,1
20,low,blue,0
20,low,blue,1
20,low,blue,0
20,low,blue,0
20,low,orange,1
20,low,orange,0
20,low,orange,1
20,low,orange,0
20,low,orange,1
20,low,orange,1
20,low,orange,1
20,low,orange,0
20,low,orange,0
20,low,blue,1
21,high,blue,0
21,high,blue,0
21,high,blue,1
21,high,orange,1
21,high,orange,0
21,high,orange,0
21,high,orange,0
21,high,blue,1
21,high,blue,0
21,high,blue,0
21,high,blue,1
21,high,blue,0
21,high,blue,0
21,high,blue,1
21,high,blue,0
21,high,blue,1
21,high,blue,1
21,high,blue,0
21,high,orange,1
21,high,orange,1
21,high,orange,1
21,high,orange,0
21,high,orange,1
21,high,orange,1
21,high,orange,1
21,high,orange,1
21,high,orange,1
21,high,orange,1
21,high,orange,1
21,high,orange,0
21,high,orange,1
21,high,orange,0
21,high,orange,0
21,high,orange,0
21,high,blue,1
21,high,blue,0
21,high,blue,1
21,high,blue,1
21,high,blue,0
21,high,blue,1
21,high,blue,1
21,high,blue,1
21,high,blue,0
21,high,blue,0
21,high,orange,0
21,high,orange,0
21,high,blue,1
21,high,blue,1
21,high,blue,0
21,high,blue,0
21,high,orange,0
21,high,blue,0
21,high,blue,0
21,high,orange,0
21,high,orange,0
21,high,orange,1
21,high,orange,1
21,high,orange,1
21,high,orange,1
21,high,orange,0
21,high,orange,1
21,high,orange,0
21,high,orange,1
21,high,orange,1
21,high,orange,1
21,high,orange,1
21,high,orange,1
21,high,orange,0
21,high,orange,0
21,high,blue,1
21,high,blue,0
21,high,blue,1
21,high,blue,0
21,high,blue,1
21,high,blue,0
21,high,blue,1
21,high,blue,1
21,high,blue,1
21,high,blue,1
21,high,blue,1
21,high,blue,1
21,high,blue,0
21,high,blue,1
21,high,blue,1
21,high,blue,0
21,high,blue,1
21,high,blue,0
21,high,blue,0
21,high,orange,1
21,high,orange,1
21,high,orange,0
21,high,orange,0
21,high,blue,0
21,high,blue,0
21,high,blue,0
21,high,orange,0
21,high,orange,1
21,high,orange,1
21,high,orange,0
21,high,orange,1
21,high,orange,0
21,high,blue,0
21,high,orange,0
21,high,orange,0
21,high,blue,1
21,high,blue,1
21,high,blue,1
21,high,blue,1
21,high,blue,1
21,high,blue,0
21,high,blue,1
21,high,blue,1
21,high,blue,1
21,high,blue,0
21,high,blue,1
21,high,blue,0
21,high,blue,1
21,high,blue,0
21,high,blue,1
21,high,blue,1
21,high,blue,1
21,high,blue,0
21,high,blue,1
21,high,blue,0
21,high,orange,1
21,high,orange,1
21,high,orange,0
21,high,orange,1
21,high,orange,0
21,high,orange,1
21,high,orange,1
21,high,orange,1
21,high,orange,0
21,high,orange,0
21,high,blue,1
22,low,blue,0
22,low,orange,1
22,low,orange,0
22,low,blue,0
22,low,orange,0
22,low,blue,1
22,low,orange,0
22,low,blue,1
22,low,blue,0
22,low,blue,0
22,low,orange,0
22,low,orange,1
22,low,orange,1
22,low,orange,0
22,low,orange,1
22,low,orange,0
22,low,orange,0
22,low,orange,1
22,low,orange,1
22,low,orange,1
22,low,orange,1
22,low,orange,0
22,low,orange,1
22,low,orange,1
22,low,orange,1
22,low,orange,1
22,low,orange,1
22,low,orange,1
22,low,orange,1
22,low,orange,0
22,low,orange,1
22,low,orange,0
22,low,orange,0
22,low,blue,1
22,low,blue,1
22,low,blue,0
22,low,blue,1
22,low,blue,1
22,low,blue,0
22,low,blue,1
22,low,blue,1
22,low,blue,1
22,low,blue,0
22,low,blue,0
22,low,blue,1
22,low,blue,1
22,low,blue,1
22,low,blue,1
22,low,blue,0
22,low,orange,1
22,low,orange,0
22,low,orange,1
22,low,orange,1
22,low,orange,0
22,low,orange,0
22,low,orange,1
22,low,orange,1
22,low,orange,1
22,low,orange,1
22,low,orange,0
22,low,orange,1
22,low,orange,0
22,low,orange,1
22,low,orange,1
22,low,orange,1
22,low,orange,1
22,low,orange,1
22,low,orange,0
22,low,orange,0
22,low,orange,0
22,low,blue,0
22,low,blue,1
22,low,blue,0
22,low,blue,1
22,low,blue,0
22,low,orange,0
22,low,blue,1
22,low,blue,1
22,low,blue,1
22,low,blue,1
22,low,blue,1
22,low,blue,0
22,low,blue,1
22,low,blue,1
22,low,blue,0
22,low,blue,1
22,low,blue,0
22,low,blue,0
22,low,blue,0
22,low,orange,1
22,low,orange,0
22,low,orange,0
22,low,blue,0
22,low,orange,1
22,low,orange,1
22,low,orange,0
22,low,orange,1
22,low,orange,1
22,low,orange,0
22,low,orange,1
22,low,orange,0
22,low,orange,1
22,low,orange,0
22,low,orange,0
22,low,orange,0
22,low,blue,1
22,low,blue,1
22,low,blue,1
22,low,blue,1
22,low,blue,0
22,low,blue,1
22,low,blue,1
22,low,blue,1
22,low,blue,0
22,low,blue,1
22,low,blue,0
22,low,blue,1
22,low,blue,0
22,low,blue,1
22,low,blue,1
22,low,blue,1
22,low,blue,0
22,low,blue,1
22,low,blue,0
22,low,orange,1
22,low,orange,1
22,low,orange,0
22,low,blue,0
22,low,blue,1
22,low,blue,0
22,low,blue,0
22,low,orange,1
22,low,orange,0
22,low,orange,0
22,low,orange,0
23,high,blue,1
23,high,blue,0
23,high,blue,1
23,high,blue,1
23,high,blue,1
23,high,blue,1
23,high,blue,1
23,high,blue,1
23,high,blue,1
23,high,blue,1
23,high,blue,0
23,high,blue,1
23,high,blue,0
23,high,blue,0
23,high,orange,0
23,high,orange,0
23,high,orange,0
23,high,blue,0
23,high,blue,0
23,high,blue,0
23,high,blue,0
23,high,orange,0
23,high,orange,1
23,high,orange,1
23,high,orange,1
23,high,orange,1
23,high,orange,1
23,high,orange,1
23,high,orange,0
23,high,orange,1
23,high,orange,1
23,high,orange,1
23,high,orange,0
23,high,orange,0
23,high,orange,0
23,high,orange,0
23,high,blue,1
23,high,blue,0
23,high,blue,1
23,high,blue,1
23,high,blue,1
23,high,blue,0
23,high,blue,0
23,high,orange,1
23,high,orange,1
23,high,orange,0
23,high,orange,0
23,high,blue,1
23,high,blue,1
23,high,blue,0
23,high,blue,1
23,high,blue,0
23,high,blue,0
23,high,orange,1
23,high,orange,1
23,high,orange,1
23,high,orange,1
23,high,orange,1
23,high,orange,0
23,high,orange,0
23,high,blue,0
23,high,orange,0
23,high,blue,0
23,high,blue,1
23,high,blue,0
23,high,orange,1
23,high,orange,1
23,high,orange,1
23,high,orange,0
23,high,orange,0
23,high,orange,0
23,high,blue,1
23,high,blue,1
23,high,blue,1
23,high,blue,0
23,high,orange,1
23,high,orange,1
23,high,orange,0
23,high,blue,1
23,high,blue,1
23,high,blue,0
23,high,orange,0
23,high,orange,1
23,high,orange,0
23,high,orange,1
23,high,orange,1
23,high,orange,0
23,high,blue,1
23,high,blue,1
23,high,blue,0
23,high,blue,0
23,high,orange,1
23,high,blue,1
23,high,orange,1
23,high,blue,0
23,high,orange,1
23,high,orange,1
23,high,orange,1
23,high,orange,0
23,high,orange,1
23,high,orange,0
23,high,blue,0
23,high,blue,1
23,high,blue,1
23,high,blue,1
23,high,blue,1
23,high,blue,1
23,high,blue,1
23,high,blue,0
23,high,orange,1
23,high,orange,0
23,high,blue,0
23,high,orange,0
23,high,orange,0
23,high,blue,1
23,high,blue,0
23,high,blue,1
23,high,blue,0
23,high,orange,0
23,high,orange,1
23,high,orange,1
23,high,orange,1
23,high,orange,1
23,high,orange,1
23,high,orange,0
23,high,orange,0
23,high,orange,1
23,high,orange,0
23,high,blue,1
23,high,blue,0
23,high,blue,0
23,high,orange,1
23,high,orange,0
23,high,orange,1
23,high,orange,1
24,low,blue,0
24,low,orange,1
24,low,orange,0
24,low,blue,0
24,low,orange,0
24,low,blue,1
24,low,orange,0
24,low,blue,1
24,low,blue,0
24,low,blue,0
24,low,orange,0
24,low,orange,1
24,low,orange,1
24,low,orange,0
24,low,orange,1
24,low,orange,0
24,low,orange,0
24,low,orange,1
24,low,orange,1
24,low,orange,1
24,low,orange,1
24,low,orange,0
24,low,orange,1
24,low,orange,1
24,low,orange,1
24,low,orange,1
24,low,orange,1
24,low,orange,1
24,low,orange,1
24,low,orange,0
24,low,orange,1
24,low,orange,0
24,low,orange,0
24,low,blue,1
24,low,blue,1
24,low,blue,0
24,low,blue,1
24,low,blue,1
24,low,blue,0
24,low,blue,1
24,low,blue,1
24,low,blue,1
24,low,blue,0
24,low,blue,0
24,low,blue,1
24,low,blue,1
24,low,blue,1
24,low,blue,1
24,low,blue,0
24,low,orange,1
24,low,orange,0
24,low,orange,1
24,low,orange,1
24,low,orange,0
24,low,orange,0
24,low,orange,1
24,low,orange,1
24,low,orange,1
24,low,orange,1
24,low,orange,0
24,low,orange,1
24,low,orange,0
24,low,orange,1
24,low,orange,1
24,low,orange,1
24,low,orange,1
24,low,orange,1
24,low,orange,0
24,low,orange,0
24,low,orange,0
24,low,blue,0
24,low,blue,1
24,low,blue,0
24,low,blue,1
24,low,blue,0
24,low,orange,0
24,low,blue,1
24,low,blue,1
24,low,blue,1
24,low,blue,1
24,low,blue,1
24,low,blue,0
24,low,blue,1
24,low,blue,1
24,low,blue,0
24,low,blue,1
24,low,blue,0
24,low,blue,0
24,low,blue,0
24,low,orange,1
24,low,orange,0
24,low,orange,0
24,low,blue,0
24,low,orange,1
24,low,orange,1
24,low,orange,0
24,low,orange,1
24,low,orange,1
24,low,orange,0
24,low,orange,1
24,low,orange,0
24,low,orange,1
24,low,orange,0
24,low,orange,0
24,low,orange,0
24,low,blue,1
24,low,blue,1
24,low,blue,1
24,low,blue,1
24,low,blue,0
24,low,blue,1
24,low,blue,1
24,low,blue,1
24,low,blue,0
24,low,blue,1
24,low,blue,0
24,low,blue,1
24,low,blue,0
24,low,blue,1
24,low,blue,1
24,low,blue,1
24,low,blue,0
24,low,blue,1
24,low,blue,0
24,low,orange,1
24,low,orange,1
24,low,orange,0
24,low,blue,0
24,low,blue,1
24,low,blue,0
24,low,blue,0
24,low,orange,1
24,low,orange,0
24,low,orange,0
24,low,orange,0
25,high,blue,0
25,high,orange,0
25,high,blue,1
25,high,blue,1
25,high,blue,1
25,high,blue,0
25,high,blue,0
25,high,orange,0
25,high,blue,0
25,high,orange,1
25,high,orange,0
25,high,orange,1
25,high,orange,0
25,high,blue,1
25,high,blue,0
25,high,blue,0
25,high,orange,1
25,high,orange,1
25,high,orange,0
25,high,orange,1
25,high,orange,1
25,high,orange,1
25,high,orange,1
25,high,orange,1
25,high,orange,1
25,high,orange,1
25,high,orange,0
25,high,blue,0
25,high,orange,0
25,high,orange,0
25,high,blue,1
25,high,blue,1
25,high,blue,0
25,high,blue,1
25,high,blue,1
25,high,blue,0
25,high,blue,1
25,high,blue,1
25,high,blue,1
25,high,blue,0
25,high,blue,0
25,high,orange,0
25,high,orange,0
25,high,blue,1
25,high,blue,1
25,high,blue,0
25,high,blue,0
25,high,blue,1
25,high,blue,1
25,high,blue,1
25,high,blue,1
25,high,blue,1
25,high,blue,0
25,high,blue,0
25,high,blue,0
25,high,orange,1
25,high,orange,0
25,high,orange,1
25,high,orange,0
25,high,orange,1
25,high,orange,1
25,high,orange,1
25,high,orange,1
25,high,orange,1
25,high,orange,0
25,high,orange,0
25,high,orange,0
25,high,blue,0
25,high,blue,1
25,high,blue,0
25,high,blue,1
25,high,blue,0
25,high,blue,1
25,high,blue,1
25,high,blue,1
25,high,blue,1
25,high,blue,1
25,high,blue,1
25,high,blue,0
25,high,blue,1
25,high,blue,1
25,high,blue,0
25,high,blue,1
25,high,blue,0
25,high,blue,0
25,high,blue,0
25,high,orange,1
25,high,orange,0
25,high,orange,0
25,high,orange,1
25,high,orange,1
25,high,orange,1
25,high,orange,0
25,high,orange,1
25,high,orange,1
25,high,orange,0
25,high,orange,1
25,high,orange,0
25,high,orange,1
25,high,orange,1
25,high,orange,1
25,high,orange,0
25,high,orange,0
25,high,orange,0
25,high,orange,0
25,high,blue,1
25,high,blue,0
25,high,blue,1
25,high,blue,1
25,high,blue,1
25,high,blue,0
25,high,blue,1
25,high,blue,0
25,high,blue,1
25,high,blue,0
25,high,blue,1
25,high,blue,1
25,high,blue,1
25,high,blue,0
25,high,blue,1
25,high,blue,0
25,high,blue,0
25,high,blue,0
25,high,orange,0
25,high,orange,1
25,high,orange,0
25,high,orange,1
25,high,orange,1
25,high,orange,1
25,high,orange,0
25,high,orange,0
25,high,orange,0
25,high,orange,0
25,high,blue,0
25,high,blue,0
26,low,orange,1
26,low,orange,1
26,low,orange,0
26,low,orange,1
26,low,orange,0
26,low,orange,0
26,low,blue,1
26,low,blue,1
26,low,blue,0
26,low,blue,0
26,low,orange,0
26,low,blue,0
26,low,orange,1
26,low,orange,0
26,low,orange,1
26,low,orange,0
26,low,orange,0
26,low,blue,0
26,low,orange,1
26,low,orange,1
26,low,orange,0
26,low,orange,0
26,low,blue,0
26,low,blue,0
26,low,orange,0
26,low,orange,1
26,low,orange,1
26,low,orange,0
26,low,orange,0
26,low,blue,1
26,low,blue,0
26,low,orange,0
26,low,blue,1
26,low,blue,1
26,low,blue,1
26,low,blue,0
26,low,orange,1
26,low,orange,1
26,low,orange,1
26,low,orange,0
26,low,blue,0
26,low,blue,0
26,low,orange,1
26,low,orange,1
26,low,orange,0
26,low,orange,1
26,low,orange,1
26,low,orange,1
26,low,orange,1
26,low,orange,1
26,low,orange,0
26,low,orange,1
26,low,orange,1
26,low,orange,0
26,low,orange,0
26,low,orange,1
26,low,orange,1
26,low,orange,1
26,low,orange,1
26,low,orange,0
26,low,orange,1
26,low,orange,0
26,low,orange,1
26,low,orange,1
26,low,orange,1
26,low,orange,1
26,low,orange,0
26,low,orange,0
26,low,orange,0
26,low,orange,0
26,low,blue,0
26,low,blue,1
26,low,blue,0
26,low,blue,1
26,low,blue,0
26,low,blue,1
26,low,blue,1
26,low,blue,1
26,low,blue,1
26,low,blue,1
26,low,blue,1
26,low,blue,0
26,low,blue,1
26,low,orange,0
26,low,blue,0
26,low,blue,1
26,low,blue,0
26,low,blue,0
26,low,blue,1
26,low,blue,1
26,low,blue,1
26,low,blue,1
26,low,orange,0
26,low,blue,0
26,low,blue,0
26,low,orange,0
26,low,blue,1
26,low,blue,1
26,low,blue,1
26,low,blue,1
26,low,blue,1
26,low,blue,0
26,low,blue,0
26,low,orange,1
26,low,orange,0
26,low,orange,1
26,low,orange,0
26,low,orange,1
26,low,orange,1
26,low,orange,1
26,low,orange,1
26,low,orange,0
26,low,orange,0
26,low,blue,0
26,low,blue,1
26,low,blue,0
26,low,blue,0
26,low,orange,1
26,low,orange,0
26,low,blue,0
26,low,orange,0
26,low,orange,1
26,low,orange,0
26,low,orange,1
26,low,orange,1
26,low,orange,1
26,low,orange,0
26,low,orange,1
26,low,orange,0
26,low,orange,1
26,low,orange,1
26,low,orange,1
26,low,orange,0
26,low,orange,0
26,low,orange,0
27,high,blue,1
27,high,blue,1
27,high,blue,0
27,high,orange,1
27,high,blue,0
27,high,blue,0
27,high,orange,0
27,high,orange,0
27,high,blue,1
27,high,blue,1
27,high,blue,0
27,high,orange,0
27,high,blue,1
27,high,blue,0
27,high,blue,1
27,high,blue,1
27,high,blue,0
27,high,blue,0
27,high,orange,0
27,high,blue,1
27,high,blue,1
27,high,blue,0
27,high,blue,1
27,high,blue,1
27,high,blue,1
27,high,blue,0
27,high,blue,0
27,high,blue,1
27,high,blue,1
27,high,blue,1
27,high,blue,1
27,high,blue,1
27,high,blue,1
27,high,blue,1
27,high,blue,1
27,high,blue,0
27,high,blue,0
27,high,blue,0
27,high,orange,0
27,high,orange,1
27,high,orange,1
27,high,orange,1
27,high,orange,1
27,high,orange,1
27,high,orange,1
27,high,orange,1
27,high,orange,1
27,high,orange,0
27,high,orange,0
27,high,orange,0
27,high,blue,0
27,high,blue,0
27,high,orange,1
27,high,orange,0
27,high,orange,1
27,high,orange,1
27,high,orange,1
27,high,orange,1
27,high,orange,1
27,high,orange,0
27,high,orange,1
27,high,orange,0
27,high,orange,1
27,high,orange,0
27,high,orange,0
27,high,orange,0
27,high,blue,1
27,high,blue,1
27,high,blue,1
27,high,blue,0
27,high,blue,0
27,high,orange,0
27,high,blue,0
27,high,blue,1
27,high,blue,1
27,high,blue,1
27,high,blue,0
27,high,blue,1
27,high,blue,0
27,high,blue,1
27,high,blue,0
27,high,blue,1
27,high,blue,1
27,high,blue,1
27,high,blue,1
27,high,blue,1
27,high,blue,1
27,high,blue,0
27,high,blue,1
27,high,blue,1
27,high,blue,1
27,high,blue,0
27,high,blue,1
27,high,blue,1
27,high,blue,1
27,high,blue,1
27,high,blue,0
27,high,blue,1
27,high,blue,0
27,high,blue,1
27,high,blue,0
27,high,blue,1
27,high,blue,0
27,high,blue,0
27,high,blue,1
27,high,blue,0
27,high,blue,1
27,high,orange,1
27,high,blue,0
27,high,blue,1
27,high,blue,1
27,high,orange,1
27,high,blue,1
27,high,blue,0
27,high,blue,0
27,high,blue,0
27,high,orange,1
27,high,orange,1
27,high,orange,0
27,high,orange,1
27,high,orange,1
27,high,orange,1
27,high,orange,0
27,high,orange,1
27,high,orange,0
27,high,orange,1
27,high,blue,0
27,high,orange,0
27,high,orange,0
27,high,orange,1
27,high,orange,0
27,high,blue,0
27,high,blue,0
27,high,blue,0
27,high,orange,1
28,low,blue,0
28,low,blue,0
28,low,orange,0
28,low,orange,1
28,low,orange,0
28,low,orange,0
28,low,blue,1
28,low,blue,1
28,low,blue,0
28,low,blue,0
28,low,orange,0
28,low,orange,1
28,low,orange,1
28,low,orange,0
28,low,blue,0
28,low,blue,1
28,low,blue,1
28,low,orange,1
28,low,blue,0
28,low,blue,0
28,low,orange,0
28,low,orange,0
28,low,blue,0
28,low,blue,0
28,low,orange,0
28,low,blue,0
28,low,orange,1
28,low,orange,0
28,low,orange,0
28,low,orange,0
28,low,blue,0
28,low,blue,1
28,low,blue,1
28,low,orange,0
28,low,orange,0
28,low,blue,0
28,low,blue,0
28,low,orange,1
28,low,orange,1
28,low,orange,0
28,low,blue,0
28,low,orange,1
28,low,blue,0
28,low,blue,0
28,low,orange,0
28,low,blue,0
28,low,blue,0
28,low,orange,1
28,low,blue,0
28,low,orange,1
28,low,orange,0
28,low,orange,1
28,low,blue,0
28,low,orange,0
28,low,blue,1
28,low,blue,0
28,low,orange,1
28,low,orange,1
28,low,orange,1
28,low,orange,0
28,low,orange,1
28,low,blue,1
28,low,blue,0
28,low,orange,1
28,low,orange,1
28,low,orange,1
28,low,blue,1
28,low,orange,0
28,low,blue,1
28,low,orange,0
28,low,orange,1
28,low,blue,1
28,low,blue,0
28,low,blue,1
28,low,orange,1
28,low,blue,1
28,low,blue,1
28,low,orange,0
28,low,blue,1
28,low,orange,0
28,low,blue,1
28,low,orange,1
28,low,blue,1
28,low,orange,0
28,low,blue,0
28,low,orange,0
28,low,blue,0
28,low,blue,0
28,low,blue,1
28,low,orange,0
28,low,orange,0
28,low,blue,1
28,low,orange,0
28,low,orange,1
28,low,orange,1
28,low,orange,0
28,low,blue,1
28,low,orange,0
28,low,blue,1
28,low,blue,1
28,low,orange,0
28,low,orange,1
28,low,orange,1
28,low,blue,0
28,low,orange,0
28,low,orange,1
28,low,blue,1
28,low,blue,0
28,low,orange,1
28,low,orange,1
28,low,orange,1
28,low,orange,0
28,low,blue,1
28,low,orange,1
28,low,orange,0
28,low,blue,0
28,low,blue,0
28,low,orange,1
28,low,orange,0
28,low,orange,1
28,low,orange,0
28,low,orange,1
28,low,orange,0
28,low,orange,1
28,low,orange,1
28,low,orange,1
28,low,orange,0
28,low,orange,1
28,low,orange,0
28,low,orange,1
28,low,orange,1
28,low,blue,0
28,low,blue,1
28,low,orange,0
28,low,blue,1
29,high,blue,1
29,high,blue,1
29,high,blue,0
29,high,orange,1
29,high,orange,1
29,high,blue,0
29,high,orange,0
29,high,blue,1
29,high,blue,1
29,high,blue,1
29,high,orange,1
29,high,orange,0
29,high,blue,1
29,high,orange,1
29,high,orange,0
29,high,orange,0
29,high,blue,0
29,high,blue,0
29,high,orange,0
29,high,blue,1
29,high,blue,1
29,high,blue,0
29,high,orange,0
29,high,blue,1
29,high,blue,1
29,high,orange,1
29,high,orange,1
29,high,orange,0
29,high,blue,1
29,high,orange,0
29,high,orange,0
29,high,blue,1
29,high,orange,0
29,high,orange,0
29,high,orange,0
29,high,blue,0
29,high,orange,1
29,high,orange,1
29,high,orange,0
29,high,orange,1
29,high,orange,1
29,high,orange,1
29,high,orange,1
29,high,orange,1
29,high,orange,1
29,high,orange,1
29,high,orange,1
29,high,orange,0
29,high,orange,0
29,high,blue,1
29,high,blue,0
29,high,blue,0
29,high,blue,0
29,high,blue,1
29,high,blue,0
29,high,orange,1
29,high,orange,1
29,high,orange,1
29,high,orange,1
29,high,orange,0
29,high,blue,0
29,high,orange,0
29,high,orange,1
29,high,orange,0
29,high,blue,1
29,high,blue,1
29,high,blue,1
29,high,blue,1
29,high,blue,1
29,high,blue,0
29,high,blue,0
29,high,orange,0
29,high,blue,0
29,high,orange,0
29,high,orange,0
29,high,blue,1
29,high,blue,0
29,high,orange,0
29,high,blue,0
29,high,orange,0
29,high,blue,0
29,high,orange,0
29,high,blue,1
29,high,blue,1
29,high,blue,1
29,high,blue,1
29,high,blue,1
29,high,blue,0
29,high,blue,1
29,high,orange,0
29,high,orange,0
29,high,blue,0
29,high,orange,0
29,high,blue,1
29,high,orange,0
29,high,blue,1
29,high,blue,0
29,high,orange,0
29,high,orange,1
29,high,blue,1
29,high,orange,1
29,high,orange,0
29,high,orange,1
29,high,orange,1
29,high,blue,1
29,high,blue,0
29,high,blue,1
29,high,blue,0
29,high,blue,0
29,high,orange,0
29,high,orange,0
29,high,orange,1
29,high,orange,0
29,high,orange,1
29,high,orange,1
29,high,orange,1
29,high,orange,1
29,high,orange,1
29,high,orange,0
29,high,blue,0
29,high,orange,1
29,high,orange,1
29,high,orange,0
29,high,orange,1
29,high,orange,0
29,high,orange,1
29,high,orange,1
29,high,orange,0
29,high,orange,0
29,high,orange,1
29,high,orange,0
29,high,blue,0
29,high,blue,0
29,high,orange,1
29,high,orange,1
30,low,orange,1
30,low,orange,1
30,low,orange,0
30,low,blue,0
30,low,orange,0
30,low,orange,0
30,low,orange,0
30,low,orange,0
30,low,blue,0
30,low,orange,1
30,low,orange,0
30,low,orange,1
30,low,orange,1
30,low,blue,1
30,low,orange,1
30,low,orange,0
30,low,orange,0
30,low,orange,1
30,low,orange,1
30,low,orange,1
30,low,orange,0
30,low,orange,0
30,low,orange,1
30,low,blue,0
30,low,orange,0
30,low,orange,1
30,low,orange,1
30,low,orange,0
30,low,orange,0
30,low,orange,0
30,low,blue,0
30,low,orange,0
30,low,orange,0
30,low,orange,0
30,low,orange,0
30,low,orange,1
30,low,orange,1
30,low,blue,0
30,low,blue,0
30,low,orange,0
30,low,blue,0
30,low,orange,1
30,low,orange,1
30,low,orange,1
30,low,orange,0
30,low,orange,1
30,low,orange,1
30,low,orange,1
30,low,orange,1
30,low,orange,1
30,low,orange,0
30,low,orange,1
30,low,orange,1
30,low,orange,0
30,low,orange,0
30,low,orange,1
30,low,orange,1
30,low,orange,1
30,low,orange,1
30,low,orange,0
30,low,orange,1
30,low,orange,0
30,low,orange,1
30,low,orange,1
30,low,orange,1
30,low,blue,0
30,low,orange,0
30,low,orange,0
30,low,orange,0
30,low,orange,0
30,low,orange,1
30,low,orange,0
30,low,orange,1
30,low,orange,0
30,low,orange,1
30,low,orange,0
30,low,orange,0
30,low,orange,0
30,low,orange,0
30,low,orange,0
30,low,orange,0
30,low,orange,1
30,low,orange,0
30,low,orange,0
30,low,orange,1
30,low,blue,1
30,low,orange,1
30,low,orange,1
30,low,orange,0
30,low,orange,0
30,low,orange,0
30,low,blue,1
30,low,orange,0
30,low,orange,1
30,low,orange,1
30,low,orange,0
30,low,orange,0
30,low,orange,0
30,low,blue,1
30,low,orange,0
30,low,orange,0
30,low,orange,1
30,low,orange,1
30,low,orange,1
30,low,orange,0
30,low,orange,1
30,low,orange,0
30,low,orange,1
30,low,orange,1
30,low,orange,1
30,low,orange,1
30,low,orange,0
30,low,orange,0
30,low,orange,1
30,low,orange,0
30,low,orange,1
30,low,orange,1
30,low,orange,1
30,low,orange,0
30,low,orange,1
30,low,orange,0
30,low,orange,1
30,low,orange,0
30,low,orange,1
30,low,orange,1
30,low,orange,1
30,low,orange,0
30,low,orange,1
30,low,orange,0
30,low,orange,1
30,low,orange,1
30,low,orange,1
30,low,blue,1
30,low,blue,1
30,low,orange,0
31,high,blue,0
31,high,orange,1
31,high,orange,0
31,high,orange,1
31,high,orange,0
31,high,blue,1
31,high,blue,1
31,high,blue,1
31,high,blue,0
31,high,blue,0
31,high,orange,0
31,high,orange,1
31,high,orange,1
31,high,orange,0
31,high,blue,0
31,high,blue,1
31,high,blue,1
31,high,blue,0
31,high,blue,0
31,high,orange,1
31,high,orange,0
31,high,blue,1
31,high,blue,0
31,high,orange,1
31,high,orange,0
31,high,orange,1
31,high,orange,1
31,high,orange,0
31,high,blue,1
31,high,blue,1
31,high,blue,0
31,high,blue,1
31,high,blue,1
31,high,blue,1
31,high,blue,1
31,high,blue,0
31,high,orange,1
31,high,orange,1
31,high,orange,1
31,high,orange,0
31,high,orange,1
31,high,blue,0
31,high,blue,0
31,high,orange,1
31,high,orange,0
31,high,blue,0
31,high,blue,0
31,high,orange,1
31,high,orange,1
31,high,orange,1
31,high,orange,0
31,high,orange,1
31,high,orange,1
31,high,orange,0
31,high,orange,0
31,high,blue,0
31,high,blue,0
31,high,orange,1
31,high,orange,1
31,high,orange,0
31,high,orange,1
31,high,orange,0
31,high,orange,1
31,high,orange,1
31,high,orange,1
31,high,orange,1
31,high,orange,0
31,high,orange,0
31,high,blue,1
31,high,blue,1
31,high,blue,0
31,high,blue,1
31,high,blue,0
31,high,blue,1
31,high,blue,0
31,high,blue,1
31,high,blue,1
31,high,blue,1
31,high,blue,1
31,high,blue,1
31,high,blue,1
31,high,blue,0
31,high,orange,0
31,high,blue,1
31,high,blue,0
31,high,blue,1
31,high,blue,0
31,high,blue,0
31,high,blue,1
31,high,blue,1
31,high,blue,1
31,high,blue,1
31,high,blue,1
31,high,blue,0
31,high,blue,0
31,high,orange,0
31,high,blue,1
31,high,blue,1
31,high,blue,1
31,high,blue,1
31,high,blue,1
31,high,blue,0
31,high,blue,0
31,high,blue,0
31,high,orange,0
31,high,orange,1
31,high,orange,0
31,high,orange,1
31,high,orange,1
31,high,orange,1
31,high,orange,1
31,high,blue,1
31,high,orange,0
31,high,blue,0
31,high,orange,0
31,high,blue,0
31,high,orange,1
31,high,orange,1
31,high,orange,0
31,high,orange,1
31,high,orange,0
31,high,orange,1
31,high,orange,0
31,high,orange,1
31,high,orange,1
31,high,orange,1
31,high,orange,0
31,high,blue,0
31,high,orange,0
31,high,blue,0
31,high,blue,0
31,high,orange,1
31,high,orange,0
31,high,orange,0
31,high,blue,1
32,low,blue,0
32,low,orange,1
32,low,orange,0
32,low,orange,1
32,low,orange,0
32,low,orange,0
32,low,blue,1
32,low,blue,1
32,low,blue,0
32,low,blue,0
32,low,orange,0
32,low,orange,1
32,low,orange,1
32,low,orange,0
32,low,orange,1
32,low,orange,0
32,low,blue,1
32,low,blue,0
32,low,orange,1
32,low,orange,1
32,low,orange,0
32,low,orange,0
32,low,blue,0
32,low,blue,0
32,low,orange,0
32,low,orange,1
32,low,orange,1
32,low,orange,0
32,low,orange,0
32,low,orange,0
32,low,blue,0
32,low,blue,1
32,low,blue,1
32,low,blue,1
32,low,blue,1
32,low,blue,0
32,low,blue,0
32,low,orange,1
32,low,orange,1
32,low,orange,0
32,low,orange,1
32,low,orange,1
32,low,orange,1
32,low,orange,1
32,low,orange,0
32,low,orange,1
32,low,orange,1
32,low,orange,1
32,low,orange,1
32,low,orange,1
32,low,orange,0
32,low,orange,1
32,low,orange,1
32,low,orange,0
32,low,orange,0
32,low,orange,1
32,low,orange,1
32,low,orange,1
32,low,orange,1
32,low,orange,0
32,low,orange,1
32,low,orange,0
32,low,orange,1
32,low,orange,1
32,low,orange,1
32,low,orange,1
32,low,orange,0
32,low,orange,0
32,low,orange,0
32,low,blue,1
32,low,blue,0
32,low,blue,1
32,low,blue,0
32,low,blue,1
32,low,blue,0
32,low,blue,1
32,low,blue,1
32,low,blue,1
32,low,blue,1
32,low,blue,1
32,low,blue,1
32,low,blue,0
32,low,blue,1
32,low,blue,1
32,low,blue,0
32,low,blue,1
32,low,blue,0
32,low,blue,0
32,low,orange,0
32,low,orange,0
32,low,blue,1
32,low,blue,1
32,low,blue,1
32,low,blue,0
32,low,blue,0
32,low,blue,1
32,low,blue,1
32,low,blue,1
32,low,blue,1
32,low,blue,1
32,low,blue,1
32,low,blue,0
32,low,blue,0
32,low,blue,0
32,low,orange,0
32,low,orange,1
32,low,orange,0
32,low,orange,1
32,low,orange,1
32,low,orange,1
32,low,orange,1
32,low,blue,1
32,low,blue,1
32,low,blue,0
32,low,orange,0
32,low,blue,0
32,low,blue,0
32,low,orange,1
32,low,orange,0
32,low,orange,1
32,low,orange,0
32,low,orange,1
32,low,orange,0
32,low,orange,1
32,low,orange,1
32,low,orange,1
32,low,orange,0
32,low,orange,1
32,low,orange,0
32,low,orange,1
32,low,orange,1
32,low,orange,1
32,low,blue,1
32,low,blue,1
32,low,blue,1
33,high,orange,1
33,high,orange,1
33,high,orange,0
33,high,blue,0
33,high,orange,0
33,high,blue,1
33,high,blue,1
33,high,blue,1
33,high,blue,0
33,high,blue,0
33,high,orange,0
33,high,blue,0
33,high,blue,0
33,high,orange,0
33,high,orange,1
33,high,orange,0
33,high,orange,0
33,high,orange,1
33,high,orange,1
33,high,orange,1
33,high,orange,0
33,high,orange,0
33,high,orange,1
33,high,orange,1
33,high,orange,0
33,high,orange,1
33,high,orange,1
33,high,orange,0
33,high,orange,0
33,high,orange,0
33,high,blue,0
33,high,orange,0
33,high,orange,0
33,high,orange,0
33,high,blue,1
33,high,blue,0
33,high,orange,1
33,high,orange,1
33,high,orange,1
33,high,orange,0
33,high,orange,1
33,high,orange,1
33,high,orange,1
33,high,orange,1
33,high,orange,0
33,high,orange,1
33,high,orange,1
33,high,orange,1
33,high,orange,1
33,high,orange,1
33,high,orange,0
33,high,orange,1
33,high,orange,1
33,high,orange,0
33,high,orange,0
33,high,orange,1
33,high,orange,1
33,high,orange,1
33,high,orange,1
33,high,orange,0
33,high,orange,1
33,high,orange,0
33,high,orange,1
33,high,orange,1
33,high,orange,1
33,high,orange,1
33,high,orange,0
33,high,orange,0
33,high,orange,0
33,high,blue,1
33,high,blue,0
33,high,blue,1
33,high,blue,0
33,high,blue,1
33,high,blue,0
33,high,orange,0
33,high,orange,0
33,high,blue,1
33,high,blue,1
33,high,blue,1
33,high,orange,0
33,high,orange,1
33,high,orange,0
33,high,orange,0
33,high,orange,1
33,high,orange,0
33,high,orange,1
33,high,orange,1
33,high,orange,0
33,high,orange,0
33,high,orange,0
33,high,blue,1
33,high,blue,1
33,high,blue,0
33,high,blue,0
33,high,blue,1
33,high,blue,1
33,high,blue,1
33,high,blue,1
33,high,blue,1
33,high,blue,1
33,high,blue,0
33,high,blue,0
33,high,orange,1
33,high,orange,0
33,high,blue,0
33,high,orange,0
33,high,blue,0
33,high,blue,0
33,high,orange,1
33,high,orange,1
33,high,orange,0
33,high,orange,0
33,high,orange,1
33,high,orange,0
33,high,blue,0
33,high,blue,0
33,high,blue,0
33,high,orange,0
33,high,orange,1
33,high,orange,0
33,high,orange,1
33,high,orange,0
33,high,blue,0
33,high,orange,1
33,high,orange,1
33,high,orange,0
33,high,orange,1
33,high,orange,0
33,high,orange,1
33,high,orange,1
33,high,orange,1
33,high,orange,0
33,high,orange,0
33,high,orange,0
34,low,orange,1
34,low,orange,1
34,low,orange,0
34,low,orange,1
34,low,orange,0
34,low,blue,1
34,low,blue,1
34,low,blue,1
34,low,blue,0
34,low,blue,0
34,low,blue,1
34,low,blue,0
34,low,orange,1
34,low,orange,0
34,low,blue,0
34,low,blue,1
34,low,blue,1
34,low,blue,0
34,low,blue,0
34,low,orange,1
34,low,orange,0
34,low,orange,0
34,low,orange,1
34,low,orange,1
34,low,orange,0
34,low,orange,1
34,low,orange,1
34,low,orange,0
34,low,orange,0
34,low,orange,0
34,low,orange,1
34,low,orange,0
34,low,orange,0
34,low,orange,0
34,low,orange,0
34,low,blue,0
34,low,blue,0
34,low,blue,0
34,low,blue,0
34,low,blue,1
34,low,blue,0
34,low,blue,0
34,low,blue,0
34,low,blue,0
34,low,blue,1
34,low,blue,0
34,low,blue,0
34,low,blue,0
34,low,orange,1
34,low,orange,1
34,low,orange,0
34,low,orange,1
34,low,orange,1
34,low,orange,0
34,low,orange,0
34,low,orange,1
34,low,orange,1
34,low,orange,1
34,low,orange,1
34,low,orange,0
34,low,orange,1
34,low,orange,0
34,low,orange,1
34,low,orange,1
34,low,orange,1
34,low,orange,1
34,low,orange,0
34,low,orange,0
34,low,orange,0
34,low,blue,1
34,low,blue,0
34,low,blue,1
34,low,blue,0
34,low,blue,1
34,low,blue,0
34,low,blue,1
34,low,blue,1
34,low,blue,1
34,low,blue,1
34,low,blue,1
34,low,blue,1
34,low,blue,0
34,low,blue,1
34,low,blue,1
34,low,blue,0
34,low,blue,1
34,low,blue,0
34,low,blue,0
34,low,orange,0
34,low,orange,0
34,low,blue,1
34,low,blue,1
34,low,blue,1
34,low,blue,0
34,low,blue,0
34,low,blue,1
34,low,blue,1
34,low,blue,1
34,low,blue,1
34,low,blue,1
34,low,blue,1
34,low,blue,0
34,low,blue,0
34,low,orange,1
34,low,orange,0
34,low,orange,1
34,low,orange,0
34,low,blue,0
34,low,blue,0
34,low,blue,0
34,low,orange,1
34,low,orange,0
34,low,orange,0
34,low,orange,1
34,low,orange,0
34,low,blue,0
34,low,blue,0
34,low,blue,0
34,low,orange,0
34,low,orange,1
34,low,orange,0
34,low,orange,1
34,low,orange,0
34,low,orange,1
34,low,orange,1
34,low,orange,1
34,low,orange,0
34,low,orange,1
34,low,orange,0
34,low,orange,1
34,low,orange,1
34,low,orange,1
34,low,orange,0
34,low,orange,0
34,low,orange,0
35,high,blue,0
35,high,orange,1
35,high,orange,0
35,high,orange,1
35,high,orange,0
35,high,orange,0
35,high,blue,1
35,high,blue,1
35,high,blue,0
35,high,blue,0
35,high,blue,1
35,high,blue,0
35,high,blue,0
35,high,orange,0
35,high,orange,1
35,high,orange,0
35,high,orange,0
35,high,blue,0
35,high,blue,0
35,high,blue,0
35,high,blue,1
35,high,blue,1
35,high,blue,0
35,high,orange,1
35,high,orange,0
35,high,orange,1
35,high,orange,1
35,high,orange,0
35,high,orange,0
35,high,orange,0
35,high,blue,0
35,high,blue,1
35,high,blue,1
35,high,blue,1
35,high,blue,1
35,high,blue,0
35,high,blue,0
35,high,orange,1
35,high,orange,1
35,high,orange,0
35,high,orange,1
35,high,orange,1
35,high,orange,1
35,high,orange,1
35,high,orange,0
35,high,orange,1
35,high,orange,1
35,high,orange,1
35,high,orange,1
35,high,orange,1
35,high,orange,0
35,high,orange,1
35,high,orange,1
35,high,orange,0
35,high,orange,0
35,high,blue,0
35,high,blue,0
35,high,orange,1
35,high,orange,1
35,high,orange,0
35,high,orange,1
35,high,orange,0
35,high,orange,1
35,high,orange,1
35,high,orange,1
35,high,orange,1
35,high,orange,0
35,high,orange,0
35,high,blue,1
35,high,blue,1
35,high,blue,0
35,high,blue,1
35,high,blue,0
35,high,blue,1
35,high,blue,0
35,high,blue,1
35,high,blue,1
35,high,blue,1
35,high,blue,1
35,high,blue,1
35,high,blue,1
35,high,blue,0
35,high,blue,1
35,high,blue,1
35,high,blue,0
35,high,blue,1
35,high,blue,0
35,high,blue,0
35,high,orange,0
35,high,orange,0
35,high,orange,0
35,high,orange,0
35,high,blue,1
35,high,blue,0
35,high,blue,0
35,high,blue,1
35,high,blue,1
35,high,blue,1
35,high,blue,1
35,high,blue,1
35,high,blue,1
35,high,blue,0
35,high,blue,0
35,high,blue,0
35,high,orange,0
35,high,orange,1
35,high,orange,0
35,high,orange,1
35,high,orange,1
35,high,orange,1
35,high,orange,1
35,high,orange,0
35,high,orange,0
35,high,orange,1
35,high,orange,0
35,high,orange,1
35,high,orange,1
35,high,orange,1
35,high,orange,0
35,high,orange,1
35,high,orange,0
35,high,orange,1
35,high,orange,0
35,high,orange,1
35,high,orange,1
35,high,orange,1
35,high,orange,0
35,high,orange,1
35,high,orange,0
35,high,blue,0
35,high,blue,0
35,high,orange,1
35,high,orange,0
35,high,orange,0
35,high,blue,1
36,low,blue,1
36,low,blue,1
36,low,blue,0
36,low,blue,0
36,low,blue,0
36,low,orange,1
36,low,orange,0
36,low,orange,0
36,low,orange,0
36,low,blue,1
36,low,blue,0
36,low,blue,1
36,low,blue,1
36,low,blue,0
36,low,blue,1
36,low,blue,1
36,low,blue,0
36,low,blue,0
36,low,blue,1
36,low,blue,1
36,low,blue,1
36,low,blue,0
36,low,blue,1
36,low,blue,1
36,low,blue,1
36,low,blue,0
36,low,blue,0
36,low,blue,1
36,low,blue,1
36,low,orange,0
36,low,blue,1
36,low,blue,1
36,low,blue,1
36,low,blue,1
36,low,blue,1
36,low,blue,0
36,low,blue,0
36,low,blue,0
36,low,blue,1
36,low,blue,0
36,low,blue,0
36,low,orange,1
36,low,orange,1
36,low,orange,1
36,low,orange,1
36,low,orange,1
36,low,orange,1
36,low,orange,0
36,low,orange,0
36,low,orange,0
36,low,orange,1
36,low,orange,1
36,low,orange,1
36,low,orange,0
36,low,orange,1
36,low,orange,1
36,low,orange,1
36,low,orange,1
36,low,orange,1
36,low,orange,0
36,low,orange,1
36,low,orange,0
36,low,orange,1
36,low,orange,0
36,low,orange,0
36,low,orange,0
36,low,blue,1
36,low,blue,1
36,low,blue,1
36,low,blue,0
36,low,blue,0
36,low,blue,1
36,low,blue,0
36,low,orange,0
36,low,orange,0
36,low,blue,1
36,low,blue,0
36,low,blue,1
36,low,blue,0
36,low,blue,1
36,low,blue,0
36,low,blue,1
36,low,blue,1
36,low,blue,1
36,low,blue,1
36,low,blue,1
36,low,blue,1
36,low,blue,0
36,low,blue,1
36,low,blue,1
36,low,blue,1
36,low,blue,0
36,low,blue,1
36,low,blue,1
36,low,blue,1
36,low,blue,1
36,low,blue,0
36,low,blue,1
36,low,blue,0
36,low,blue,1
36,low,blue,0
36,low,blue,1
36,low,blue,0
36,low,blue,0
36,low,blue,1
36,low,blue,0
36,low,blue,1
36,low,blue,0
36,low,blue,0
36,low,blue,1
36,low,blue,1
36,low,blue,0
36,low,blue,1
36,low,blue,0
36,low,blue,0
36,low,blue,0
36,low,orange,1
36,low,orange,1
36,low,orange,0
36,low,orange,1
36,low,orange,1
36,low,orange,1
36,low,orange,0
36,low,orange,1
36,low,orange,0
36,low,orange,1
36,low,orange,1
36,low,orange,0
36,low,orange,0
36,low,orange,1
36,low,orange,0
36,low,orange,1
36,low,orange,1
36,low,orange,1
36,low,orange,1
37,high,blue,0
37,high,orange,1
37,high,orange,0
37,high,blue,0
37,high,orange,0
37,high,orange,0
37,high,blue,1
37,high,blue,1
37,high,blue,0
37,high,blue,0
37,high,orange,0
37,high,orange,1
37,high,orange,1
37,high,orange,0
37,high,orange,1
37,high,orange,0
37,high,blue,1
37,high,blue,0
37,high,blue,0
37,high,orange,1
37,high,orange,0
37,high,blue,1
37,high,blue,0
37,high,blue,0
37,high,blue,1
37,high,blue,0
37,high,blue,0
37,high,orange,0
37,high,orange,0
37,high,blue,1
37,high,blue,0
37,high,blue,1
37,high,blue,1
37,high,blue,1
37,high,orange,0
37,high,orange,1
37,high,orange,1
37,high,orange,1
37,high,orange,1
37,high,orange,0
37,high,orange,1
37,high,orange,1
37,high,orange,1
37,high,orange,1
37,high,orange,0
37,high,blue,0
37,high,orange,1
37,high,orange,1
37,high,orange,1
37,high,orange,1
37,high,orange,0
37,high,orange,1
37,high,orange,1
37,high,orange,0
37,high,orange,0
37,high,orange,1
37,high,orange,1
37,high,orange,1
37,high,orange,1
37,high,orange,0
37,high,orange,1
37,high,orange,0
37,high,orange,1
37,high,orange,1
37,high,orange,1
37,high,orange,1
37,high,orange,0
37,high,orange,0
37,high,orange,0
37,high,blue,1
37,high,blue,0
37,high,blue,1
37,high,blue,0
37,high,blue,1
37,high,blue,0
37,high,blue,1
37,high,blue,1
37,high,blue,1
37,high,blue,1
37,high,blue,1
37,high,blue,1
37,high,blue,0
37,high,blue,1
37,high,blue,1
37,high,blue,0
37,high,blue,1
37,high,blue,0
37,high,blue,0
37,high,orange,0
37,high,orange,0
37,high,orange,0
37,high,blue,1
37,high,blue,1
37,high,blue,0
37,high,blue,0
37,high,blue,1
37,high,blue,1
37,high,blue,1
37,high,blue,1
37,high,blue,1
37,high,blue,1
37,high,blue,0
37,high,blue,0
37,high,blue,0
37,high,orange,0
37,high,orange,1
37,high,orange,0
37,high,orange,1
37,high,orange,1
37,high,orange,1
37,high,orange,1
37,high,orange,0
37,high,orange,0
37,high,orange,1
37,high,orange,0
37,high,orange,1
37,high,orange,1
37,high,orange,1
37,high,orange,0
37,high,orange,1
37,high,orange,0
37,high,orange,1
37,high,orange,0
37,high,orange,1
37,high,orange,1
37,high,orange,1
37,high,orange,0
37,high,orange,1
37,high,orange,0
37,high,orange,1
37,high,orange,1
37,high,orange,1
37,high,orange,0
37,high,orange,0
37,high,orange,0
38,low,orange,1
38,low,orange,1
38,low,orange,0
38,low,blue,0
38,low,orange,0
38,low,orange,0
38,low,blue,1
38,low,blue,1
38,low,orange,1
38,low,blue,0
38,low,blue,1
38,low,blue,0
38,low,orange,1
38,low,orange,0
38,low,blue,0
38,low,orange,0
38,low,orange,0
38,low,orange,1
38,low,orange,1
38,low,blue,0
38,low,orange,0
38,low,blue,1
38,low,orange,1
38,low,orange,1
38,low,orange,0
38,low,orange,1
38,low,blue,0
38,low,orange,0
38,low,orange,0
38,low,orange,0
38,low,blue,0
38,low,orange,0
38,low,orange,0
38,low,orange,0
38,low,blue,1
38,low,orange,1
38,low,orange,1
38,low,orange,1
38,low,orange,1
38,low,orange,0
38,low,blue,0
38,low,orange,1
38,low,blue,0
38,low,orange,1
38,low,orange,0
38,low,blue,0
38,low,orange,1
38,low,orange,1
38,low,blue,0
38,low,orange,1
38,low,orange,0
38,low,orange,1
38,low,orange,1
38,low,orange,0
38,low,blue,1
38,low,blue,0
38,low,orange,1
38,low,orange,1
38,low,blue,0
38,low,orange,0
38,low,orange,1
38,low,orange,0
38,low,blue,0
38,low,orange,1
38,low,orange,1
38,low,orange,1
38,low,orange,0
38,low,orange,0
38,low,blue,1
38,low,blue,1
38,low,orange,1
38,low,orange,0
38,low,orange,1
38,low,orange,0
38,low,orange,1
38,low,blue,1
38,low,orange,0
38,low,orange,0
38,low,orange,0
38,low,orange,0
38,low,blue,1
38,low,blue,0
38,low,orange,0
38,low,orange,0
38,low,blue,0
38,low,blue,1
38,low,blue,0
38,low,orange,1
38,low,orange,0
38,low,orange,0
38,low,orange,0
38,low,orange,0
38,low,orange,0
38,low,orange,1
38,low,orange,1
38,low,orange,0
38,low,blue,1
38,low,orange,0
38,low,blue,1
38,low,orange,0
38,low,orange,0
38,low,orange,1
38,low,orange,1
38,low,orange,1
38,low,orange,0
38,low,orange,1
38,low,orange,0
38,low,orange,1
38,low,orange,1
38,low,blue,0
38,low,orange,1
38,low,orange,0
38,low,orange,0
38,low,orange,1
38,low,orange,0
38,low,orange,1
38,low,orange,1
38,low,blue,0
38,low,orange,0
38,low,blue,0
38,low,blue,1
38,low,blue,0
38,low,blue,1
38,low,orange,1
38,low,blue,0
38,low,blue,0
38,low,blue,1
38,low,blue,0
38,low,orange,0
38,low,orange,1
38,low,orange,1
38,low,orange,1
38,low,blue,1
38,low,orange,0
38,low,blue,1
39,high,blue,0
39,high,orange,1
39,high,orange,0
39,high,blue,0
39,high,orange,0
39,high,orange,0
39,high,blue,1
39,high,blue,1
39,high,blue,0
39,high,blue,0
39,high,orange,0
39,high,blue,0
39,high,blue,0
39,high,blue,1
39,high,blue,0
39,high,orange,0
39,high,orange,0
39,high,blue,0
39,high,blue,0
39,high,blue,0
39,high,blue,1
39,high,blue,1
39,high,blue,0
39,high,blue,0
39,high,orange,0
39,high,orange,1
39,high,orange,1
39,high,orange,0
39,high,blue,1
39,high,orange,0
39,high,blue,0
39,high,blue,1
39,high,blue,1
39,high,blue,1
39,high,blue,1
39,high,blue,0
39,high,blue,0
39,high,blue,0
39,high,orange,1
39,high,orange,0
39,high,blue,0
39,high,orange,1
39,high,orange,1
39,high,orange,1
39,high,orange,0
39,high,orange,1
39,high,orange,1
39,high,orange,1
39,high,orange,1
39,high,orange,1
39,high,orange,0
39,high,orange,1
39,high,orange,1
39,high,orange,0
39,high,orange,0
39,high,blue,0
39,high,orange,1
39,high,orange,1
39,high,orange,1
39,high,orange,0
39,high,orange,1
39,high,orange,0
39,high,orange,1
39,high,blue,0
39,high,orange,1
39,high,blue,0
39,high,blue,1
39,high,orange,0
39,high,blue,1
39,high,blue,1
39,high,blue,0
39,high,orange,0
39,high,orange,1
39,high,orange,0
39,high,orange,1
39,high,orange,0
39,high,blue,1
39,high,blue,1
39,high,blue,1
39,high,blue,1
39,high,blue,1
39,high,blue,0
39,high,blue,1
39,high,blue,1
39,high,blue,0
39,high,blue,1
39,high,blue,0
39,high,blue,0
39,high,orange,0
39,high,blue,1
39,high,orange,0
39,high,blue,1
39,high,blue,1
39,high,blue,0
39,high,orange,1
39,high,orange,0
39,high,orange,0
39,high,blue,1
39,high,blue,1
39,high,blue,1
39,high,blue,1
39,high,blue,0
39,high,blue,0
39,high,orange,1
39,high,orange,0
39,high,orange,1
39,high,orange,0
39,high,blue,0
39,high,orange,1
39,high,orange,1
39,high,orange,1
39,high,orange,0
39,high,orange,0
39,high,blue,0
39,high,blue,1
39,high,blue,0
39,high,orange,1
39,high,orange,1
39,high,orange,0
39,high,orange,1
39,high,orange,0
39,high,blue,0
39,high,orange,0
39,high,orange,1
39,high,orange,1
39,high,orange,1
39,high,orange,0
39,high,orange,1
39,high,orange,0
39,high,orange,1
39,high,orange,1
39,high,orange,1
39,high,orange,0
39,high,orange,0
39,high,blue,1
40,low,orange,0
40,low,blue,1
40,low,blue,0
40,low,blue,0
40,low,blue,0
40,low,orange,1
40,low,orange,0
40,low,blue,1
40,low,orange,0
40,low,orange,0
40,low,blue,0
40,low,blue,1
40,low,blue,1
40,low,blue,0
40,low,blue,1
40,low,blue,1
40,low,orange,1
40,low,orange,1
40,low,orange,0
40,low,blue,1
40,low,blue,1
40,low,orange,1
40,low,orange,0
40,low,orange,0
40,low,orange,0
40,low,blue,0
40,low,blue,0
40,low,blue,1
40,low,blue,1
40,low,orange,0
40,low,orange,0
40,low,blue,1
40,low,blue,1
40,low,blue,1
40,low,orange,0
40,low,orange,1
40,low,blue,0
40,low,orange,1
40,low,orange,0
40,low,orange,1
40,low,orange,1
40,low,orange,1
40,low,blue,0
40,low,blue,0
40,low,orange,1
40,low,blue,0
40,low,orange,1
40,low,orange,0
40,low,blue,1
40,low,orange,0
40,low,blue,0
40,low,orange,1
40,low,blue,0
40,low,orange,0
40,low,orange,1
40,low,orange,1
40,low,blue,0
40,low,blue,0
40,low,orange,1
40,low,orange,0
40,low,blue,0
40,low,blue,1
40,low,orange,1
40,low,orange,0
40,low,orange,0
40,low,blue,1
40,low,blue,1
40,low,blue,1
40,low,orange,0
40,low,orange,1
40,low,blue,0
40,low,blue,1
40,low,orange,1
40,low,orange,0
40,low,orange,0
40,low,blue,1
40,low,blue,0
40,low,blue,1
40,low,orange,1
40,low,blue,1
40,low,orange,1
40,low,orange,0
40,low,orange,0
40,low,orange,0
40,low,orange,0
40,low,orange,0
40,low,blue,1
40,low,orange,1
40,low,orange,0
40,low,orange,0
40,low,orange,0
40,low,blue,0
40,low,blue,1
40,low,orange,0
40,low,blue,1
40,low,orange,0
40,low,blue,0
40,low,blue,1
40,low,blue,0
40,low,blue,1
40,low,orange,1
40,low,orange,0
40,low,orange,1
40,low,blue,0
40,low,blue,1
40,low,orange,1
40,low,blue,1
40,low,orange,1
40,low,orange,1
40,low,blue,1
40,low,blue,1
40,low,orange,1
40,low,orange,0
40,low,orange,1
40,low,orange,1
40,low,blue,0
40,low,orange,1
40,low,orange,1
40,low,orange,0
40,low,orange,1
40,low,orange,1
40,low,blue,0
40,low,orange,0
40,low,blue,0
40,low,blue,1
40,low,blue,0
40,low,orange,1
40,low,blue,1
40,low,blue,1
40,low,orange,1
40,low,blue,1
40,low,orange,1
40,low,orange,1
40,low,blue,0
40,low,orange,1
41,high,orange,0
41,high,blue,1
41,high,blue,0
41,high,blue,0
41,high,orange,1
41,high,orange,1
41,high,orange,0
41,high,orange,0
41,high,blue,1
41,high,blue,1
41,high,blue,0
41,high,blue,1
41,high,blue,1
41,high,blue,0
41,high,orange,0
41,high,blue,1
41,high,blue,0
41,high,orange,1
41,high,blue,1
41,high,blue,1
41,high,blue,1
41,high,blue,0
41,high,orange,0
41,high,orange,0
41,high,blue,1
41,high,blue,0
41,high,blue,0
41,high,orange,0
41,high,orange,0
41,high,blue,1
41,high,blue,1
41,high,blue,1
41,high,orange,0
41,high,blue,1
41,high,blue,1
41,high,blue,0
41,high,blue,0
41,high,orange,1
41,high,orange,0
41,high,blue,0
41,high,blue,0
41,high,orange,1
41,high,orange,1
41,high,orange,1
41,high,orange,1
41,high,blue,0
41,high,orange,1
41,high,orange,0
41,high,orange,0
41,high,blue,1
41,high,blue,0
41,high,blue,0
41,high,blue,0
41,high,orange,0
41,high,blue,0
41,high,blue,0
41,high,blue,0
41,high,orange,1
41,high,orange,1
41,high,orange,0
41,high,blue,0
41,high,orange,0
41,high,orange,1
41,high,orange,0
41,high,orange,0
41,high,blue,1
41,high,blue,1
41,high,blue,1
41,high,blue,1
41,high,blue,0
41,high,orange,1
41,high,orange,0
41,high,orange,1
41,high,orange,0
41,high,orange,0
41,high,blue,1
41,high,blue,0
41,high,blue,1
41,high,blue,0
41,high,blue,1
41,high,blue,0
41,high,orange,0
41,high,blue,1
41,high,orange,0
41,high,orange,0
41,high,blue,1
41,high,blue,1
41,high,blue,0
41,high,blue,1
41,high,blue,1
41,high,blue,1
41,high,blue,0
41,high,blue,1
41,high,blue,1
41,high,blue,1
41,high,blue,1
41,high,blue,0
41,high,blue,1
41,high,blue,0
41,high,blue,1
41,high,blue,0
41,high,blue,1
41,high,blue,0
41,high,orange,1
41,high,orange,0
41,high,orange,1
41,high,orange,0
41,high,orange,1
41,high,orange,1
41,high,orange,0
41,high,blue,1
41,high,blue,0
41,high,blue,1
41,high,blue,0
41,high,orange,1
41,high,orange,1
41,high,orange,1
41,high,orange,1
41,high,orange,0
41,high,orange,1
41,high,orange,1
41,high,orange,1
41,high,orange,0
41,high,blue,0
41,high,blue,1
41,high,blue,0
41,high,blue,0
41,high,blue,1
41,high,blue,1
41,high,blue,0
41,high,orange,0
41,high,blue,0
41,high,blue,0
41,high,blue,0
41,high,blue,0
42,low,orange,0
42,low,orange,0
42,low,blue,0
42,low,blue,0
42,low,orange,1
42,low,orange,1
42,low,orange,0
42,low,orange,0
42,low,orange,0
42,low,blue,1
42,low,blue,0
42,low,blue,1
42,low,blue,1
42,low,blue,0
42,low,blue,1
42,low,blue,1
42,low,blue,0
42,low,blue,0
42,low,blue,1
42,low,blue,1
42,low,blue,1
42,low,blue,0
42,low,blue,1
42,low,blue,1
42,low,blue,1
42,low,blue,0
42,low,blue,0
42,low,blue,1
42,low,blue,1
42,low,blue,1
42,low,blue,1
42,low,blue,1
42,low,blue,1
42,low,blue,1
42,low,blue,1
42,low,blue,0
42,low,blue,0
42,low,blue,0
42,low,blue,1
42,low,blue,0
42,low,blue,0
42,low,orange,1
42,low,orange,1
42,low,orange,1
42,low,orange,1
42,low,orange,1
42,low,orange,1
42,low,orange,0
42,low,orange,0
42,low,orange,0
42,low,orange,1
42,low,orange,1
42,low,orange,1
42,low,orange,0
42,low,orange,1
42,low,orange,1
42,low,orange,1
42,low,orange,1
42,low,orange,1
42,low,orange,0
42,low,orange,1
42,low,orange,0
42,low,orange,1
42,low,orange,0
42,low,orange,0
42,low,orange,0
42,low,blue,1
42,low,blue,1
42,low,blue,1
42,low,blue,0
42,low,blue,0
42,low,blue,1
42,low,blue,0
42,low,blue,1
42,low,blue,1
42,low,blue,1
42,low,blue,0
42,low,blue,1
42,low,blue,0
42,low,blue,1
42,low,blue,0
42,low,blue,1
42,low,blue,1
42,low,blue,1
42,low,blue,1
42,low,blue,1
42,low,blue,1
42,low,blue,0
42,low,blue,1
42,low,blue,1
42,low,blue,1
42,low,blue,0
42,low,blue,1
42,low,blue,1
42,low,blue,1
42,low,blue,1
42,low,blue,0
42,low,blue,1
42,low,blue,0
42,low,blue,1
42,low,blue,0
42,low,blue,1
42,low,blue,0
42,low,blue,0
42,low,blue,1
42,low,blue,0
42,low,blue,1
42,low,blue,0
42,low,blue,0
42,low,orange,0
42,low,orange,0
42,low,orange,1
42,low,orange,0
42,low,orange,1
42,low,orange,1
42,low,orange,1
42,low,orange,1
42,low,orange,1
42,low,orange,0
42,low,orange,1
42,low,orange,1
42,low,orange,1
42,low,orange,0
42,low,orange,1
42,low,orange,0
42,low,orange,1
42,low,orange,1
42,low,orange,0
42,low,orange,0
42,low,orange,1
42,low,orange,0
42,low,orange,1
42,low,orange,1
42,low,orange,1
42,low,orange,1
43,high,orange,1
43,high,orange,1
43,high,orange,0
43,high,blue,0
43,high,orange,0
43,high,orange,0
43,high,blue,1
43,high,orange,0
43,high,blue,0
43,high,orange,1
43,high,orange,0
43,high,orange,1
43,high,orange,1
43,high,blue,1
43,high,blue,0
43,high,orange,0
43,high,blue,1
43,high,orange,1
43,high,blue,0
43,high,orange,1
43,high,orange,0
43,high,orange,0
43,high,orange,1
43,high,orange,1
43,high,blue,1
43,high,orange,1
43,high,blue,0
43,high,blue,1
43,high,orange,0
43,high,blue,1
43,high,blue,0
43,high,blue,1
43,high,orange,0
43,high,orange,0
43,high,orange,0
43,high,blue,0
43,high,orange,1
43,high,orange,1
43,high,orange,1
43,high,orange,0
43,high,blue,0
43,high,orange,1
43,high,orange,1
43,high,orange,1
43,high,orange,0
43,high,blue,0
43,high,orange,1
43,high,orange,1
43,high,orange,1
43,high,orange,1
43,high,orange,0
43,high,orange,1
43,high,blue,0
43,high,orange,0
43,high,orange,0
43,high,blue,0
43,high,orange,1
43,high,orange,1
43,high,orange,1
43,high,blue,1
43,high,orange,1
43,high,blue,1
43,high,blue,0
43,high,orange,1
43,high,orange,1
43,high,orange,1
43,high,orange,0
43,high,blue,1
43,high,blue,1
43,high,blue,1
43,high,orange,1
43,high,orange,0
43,high,orange,1
43,high,orange,0
43,high,orange,1
43,high,orange,0
43,high,blue,1
43,high,orange,0
43,high,orange,0
43,high,blue,1
43,high,orange,0
43,high,blue,0
43,high,orange,0
43,high,orange,0
43,high,orange,1
43,high,blue,1
43,high,orange,1
43,high,orange,1
43,high,orange,0
43,high,orange,0
43,high,orange,0
43,high,orange,0
43,high,orange,0
43,high,orange,1
43,high,blue,0
43,high,orange,0
43,high,blue,1
43,high,orange,0
43,high,blue,1
43,high,blue,1
43,high,blue,1
43,high,blue,0
43,high,blue,0
43,high,orange,1
43,high,orange,0
43,high,orange,1
43,high,orange,0
43,high,blue,0
43,high,orange,1
43,high,orange,1
43,high,orange,1
43,high,blue,1
43,high,orange,0
43,high,blue,0
43,high,orange,0
43,high,blue,0
43,high,orange,1
43,high,blue,0
43,high,orange,0
43,high,orange,1
43,high,orange,0
43,high,orange,1
43,high,orange,0
43,high,orange,1
43,high,orange,1
43,high,orange,1
43,high,blue,1
43,high,orange,1
43,high,orange,0
43,high,orange,1
43,high,orange,1
43,high,blue,0
43,high,orange,0
43,high,blue,1
43,high,blue,1
